detention_facility_code,detention_facility_name,type_detailed,latitude,longitude,city,state
AAORDMD,Ordnance Road Correctional Center,IGSA,39.19969535,-76.59393033,GLEN BURNIE,MD
ABQHOLD,Albuquerque Hold Room,Hold,35.0526543,-106.6292985,ALBUQUERQUE,NM
ABRXSPA,Abraxas Academy Detention Center,Juvenile,40.19177,-75.91592,MORGANTOWN,PA
ABTHOLD,Abilene Hold Room,Hold,32.56212771,-99.63538265,ABILENE,TX
ADACOID,Ada County Jail,IGSA,43.60675502,-116.269811,BOISE,ID
ADAIRKY,Adair County Regional Jail,Other,37.103848,-85.3066339,COLUMBIA,KY
ADAMSCO,Adams County Jail,IGSA,39.986877,-104.799156,BRIGHTON,CO
ADAMSMS,Adams County Det Center,DIGSA,31.56917545,-91.23046875,NATCHEZ,MS
ADAMSWA,Adams County,IGSA,47.12747,-118.38267,RITZVILLE,WA
ADDCOVT,Addison County Jail,IGSA,44.0115189,-73.16354529,MIDDLEBURY,VT
ADLNTCA,Adelanto ICE Processing Center,CDF / DIGSA,34.55772948,-117.4418648,ADELANTO,CA
AFRC,Artesia Family Residential Center,Family,32.8571484,-104.4153316,ARTESIA,NM
AGAHOLD,Agana INS,Hold,13.476607,144.747679,HAGATNA,GU
AGC,Aguadilla SPC,Hold,18.49428,-67.14213,AGUADILLA,PR
AGMDCCA,Anaheim Global Medical Center,Hospital,33.8205041,-117.9096302,ANAHEIM,CA
AIRHOPR,"Airport Hotel, SAJ.",Other,18.439917,-66.004817,ISLA VERDE,PR
AKCOOKI,"Cook Inlet Pretrial, Anch",IGSA,61.2185447,-149.8710002,ANCHORAGE,AK
AKFAIRB,Fairbanks Corr Ctr,IGSA,64.83457376,-147.7607932,FAIRBANKS,AK
AKHIGHL,Highland Mtn Cor Ctr,USMS IGA,61.3039289,-149.5801753,EAGLE RIVER,AK
AKKETCH,Ketchikan Regional CC,IGSA,55.348401,-131.649562,KETCHIKAN,AK
AKLEMON,"Lemon Creek, Juneau,AK",USMS IGA,58.36119563,-134.4876484,JUNEAU,AK
AKMATSU,"Matsu Pretrial, Palmer AK",IGSA,61.6013708,-149.1186543,PALMER,AK
AKMCYOU,McLaughlin Youth Center,Juvenile,61.18796856,-149.8318704,ANCHORAGE,AK
AKPALMC,Palmer Correctional Cente,IGSA,61.5876053,-149.1269534,PALMER,AK
AKPSYNJ,Anne Klein Phsychiatric Institute,Hospital,40.2566566,-74.8159709,W. TRENTON,NJ
AKWILCC,Wildwood State Corr. Ctr.,IGSA,60.58307999,-151.3001342,KENAI,AK
AKWILPT,Wildwood Pre-Trial Fac.,IGSA,60.58308555,-151.3001341,KENAI,AK
ALAMCNC,Alamance Co. Det. Facility,IGSA,36.0685551,-79.402463,GRAHAM,NC
ALAMOCO,Alamosa County Jail,NOT DEFINED,37.4553309,-105.8760499,ALAMOSA,CO
ALAMOTX,Alamo Police Dept.,NOT DEFINED,26.1815023,-98.1191146,ALAMO,TX
ALBCONY,Albany County Jail,USMS IGA,42.75141,-73.81536,ALBANY,NY
ALBEMVA,Albemarle-Charlottesville,IGSA,38.006074,-78.494559,CHARLOTTESVILLE,VA
ALBHOLD,Albany Holdroom,Hold,42.7533809,-73.769379,LATHAM,NY
ALEXAAL,Alexandria City Jail,NOT DEFINED,38.7981298,-77.0646677,ALEXANDRIA,VA
ALEXAVA,Alexandria City Jail,USMS IGA,38.79861232,-77.06731218,ALEXANDRIA,VA
ALHAMCA,Alhambra City Jail,USMS IGA,34.09197,-118.12666,ALHAMBRA,CA
ALLEGNY,Allegany County Jail,IGSA,42.21245,-78.01715,BELMONT,NY
ALLEGPA,Allegheny Co. Jail,USMS IGA,40.43458225,-79.99369316,PITTSBURGH,PA
ALLENIN,Allen County Jail,USMS IGA,41.0832873,-85.1399087,FT. WAYNE,IN
ALMHOLD,Alamosa Holdroom,Hold,37.487897,-105.8597891,ALAMOSA,CO
AMTHOLD,Amarillo Hold Room,Hold,35.22253615,-101.7488485,AMARILLO,TX
ANCHOAK,Anchorage Jail,USMS IGA,61.2183804,-149.857649,ANCHORAGE,AK
ANDRWTX,Andrews Sherrif's Office Co Jail,Other,32.3201333,-102.5476407,ANDREWS,TX
ANJUVMN,Anoka Co. Juvenile Center,Juvenile,45.18104431,-93.12241419,LINO LAKES,MN
APACHAZ,Apache Co. Jail,USMS IGA,34.50160957,-109.3644879,ST JOHNS,AZ
APIBHCA,Alvarado Parkway Institute,Hospital,32.774357,-117.0440893,LA MESA,CA
APPSCLA,Allen Parish Public Safety Complex,IGSA,30.620368,-92.756652,OBERLIN,LA
ARAPACO,Arapahoe County Jail,IGSA,39.614347,-105.0127466,LITTLETON,CO
ARLCOVA,Arlington Co Jail,USMS IGA,38.89054,-77.08335,ARLINGTON,VA
AROOSME,Aroostook County Jail,USMS IGA,46.12455726,-67.83821384,HOULTON,ME
ARRMCCA,Arrowhead Regional Med Center,Hospital,34.076434,-117.352826,COLTON,CA
ARTESNM,Artesia City Jail,Other,32.844515,-104.4050109,ARTESIA,NM
ARTSINM,Artesia Law Enforcement Center,NOT DEFINED,32.8596391,-104.4130594,ARTESIA,NM
ASHECNC,Ashe County Jail,NOT DEFINED,36.4188113,-81.4603207,JEFFERSON,NC
ASHRSFL,Atlantic Shores Hospital,Hospital,26.122524,-80.137358,FORT LAUDERDALE,FL
ATLANGA,Atlanta Pretrial Detn Ctr,USMS IGA,33.7473132,-84.39539066,ATLANTA,GA
ATLHOLD,Atlanta Dist. Hold Rm,Hold,33.7531639,-84.3931588,ATLANTA,GA
ATTHOLD,"Athens, TX Hold Room",Hold,32.20444798,-95.85398128,ATHENS,TX
AURORCO,Aurora City Jail,IGSA,39.709542,-104.789661,AURORA,CO
AUSHOLD,Austin DRO Hold Room,Hold,30.269638,-97.738978,AUSTIN,TX
AVPARLA,Avoyelles Parish Prison,IGSA,31.11579343,-92.06695499,MARKSVILLE,LA
AZDCTUC,AZ Dpt Corrections Tucson,IGSA,32.06606205,-110.858774,TUCSON,AZ
AZSPFLO,Arizona State Prison Comp,NOT DEFINED,33.0285986,-111.3730459,FLORENCE,AZ
AZSPPER,Perryville State Prison,IGSA,33.4632924,-112.4442216,GOODYEAR,AZ
AZSVCPC,Arizona Service Prison Complex,NOT DEFINED,33.4529634,-112.0259794,PHOENIX,AZ
BAILECA,George Bailey Detent Faci,IGSA,32.590244,-116.921241,SAN DIEGO,CA
BAKERFL,Baker County Sheriff Dept.,IGSA,30.29596,-82.12172,MACCLENNY,FL
BALDWAL,Baldwin County Cor. Center,IGSA,30.88454,-87.774769,BAY MINETTE,AL
BALHOLD,Bal D D & P,Hold,39.2554234,-76.680689,BALTIMORE,MD
BANNOID,Bannock County Jail,USMS IGA,42.8389531,-112.4095475,POCATELLO,ID
BARNSMA,Barnstable County,IGSA,41.69936,-70.30434,BARNSTABLE,MA
BARRECA,Barrett Honor Camp,Juvenile,32.73011,-116.69462,ALPINE,CA
BASILLA,Basile Detention Center,DIGSA,30.48657659,-92.58336608,BASILE,LA
BAYAMPR,Bayamon Hospital,Hospital,18.36813,-66.1545,BAYAMON,PR
BEAVRPA,Beaver County Jail,USMS IGA,40.629013,-80.239052,ALIQUIPPA,PA
BEDCITX,Bedford City Jail,IGSA,32.84109036,-97.13309243,BEDFORD,TX
BEDFOOH,Bedford Heights City,IGSA,41.4089587,-81.4969259,BEDFORD HEIGHTS,OH
BEDFOPA,Bedford County Jail,IGSA,40.008089,-78.504786,BEDFORD,PA
BEFAMPA,Berks County Family Shelter,Family,40.379575,-76.019543,LEESPORT,PA
BEHOSNY,"Bellevue Hospital, Manhat",Hospital,40.7395563,-73.976083,NEW YORK,NY
BEJUVPA,Berks Co. Juvenile,Juvenile,40.382666,-76.017389,LEESPORT,PA
BENTOWA,Benton County,IGSA,46.22145003,-119.220502,KENNEWICK,WA
BERGENJ,Bergen County Jail,USMS IGA,40.87387305,-74.03904223,HACKENSACK,NJ
BERKSPA,"Berks County Jail, PA",USMS IGA,40.38278,-76.017484,LEESPORT,PA
BERNANM,Bernalillo County Det Ctr,DIGSA,35.08934329,-106.6514373,ALBUQUERQUE,NM
BESECPA,Berks County Secured Juvenile,Juvenile,40.382683,-76.017367,LEESPORT,PA
BFGHITX,"Byrd's Foster Group Home, Inc",Juvenile,29.81131222,-95.35255014,HOUSTON,TX
BHCALCA,Alhambra BHC Hospital,Hospital,34.0773593,-118.0730467,ROSEMEAD,CA
BHFLDMI,Bronson Hospital Fieldstone Center,Hospital,42.329924,-85.19158,BATTLE CREEK,MI
BHMHOLD,Birmingham Hold Room,Hold,33.479539,-86.79116,HOMEWOOD,AL
BIGHOMT,"Big Horn County Jail, MT",IGSA,45.732727,-107.608745,HARDIN,MT
BIGHOWY,"Big Horn County Jail, WY",IGSA,44.382788,-108.040123,BASIN,WY
BILHOLD,Billings Hold Room,Hold,45.783884,-108.509563,BILLINGS,MT
BKLHOLD,Bakerfield Hold,Hold,35.37372,-119.01121,BAKERSFIELD,CA
BLBNATX,Bluebonnet Det Fclty,IGSA,32.77803799,-99.90966797,ANSON,TX
BLHHOLD,Bellingham BPS ERO Holdroom,Hold,48.82248594,-122.5611793,FERNDALE,WA
BLOUNTN,Blount County Justice Ctr,IGSA,35.74951168,-83.99067637,MARYVILLE,TN
BOEHOLD,ELP Boeing Dr Holdroom,Hold,31.79183661,-106.4025598,EL PASO,TX
BOIHOLD,Boise Hold Room,Hold,43.5927664,-116.2860691,BOISE,ID
BONNEID,Bonneville Co. Jail,IGSA,43.4949879,-112.040574,IDAHO FALLS,ID
BOONEKY,Boone County Jail,USMS IGA,39.03732571,-84.72366686,BURLINGTON,KY
BOPALM,Allenwood (Med) FCI,BOP,41.127767,-76.921971,WHITE DEER,PA
BOPBRO,Brooklyn MDC,BOP,40.6597866,-74.00295819,BROOKLYN,NY
BOPBUT,Butner Fed.Corr.Inst.,BOP,36.187179,-78.740535,BUTNER,NC
BOPCAA,USP Canaan,BOP,41.564966,-75.420385,WAYMART,PA
BOPCNV,Nashville Comm. Corr.,BOP,36.226218,-86.626766,NASHVILLE,TN
BOPCUM,Cumberland FCI,BOP,39.597282,-78.754297,CUMBERLAND,MD
BOPDAL,Dalby Correctional Institute,BOP,33.20052812,-101.3716697,POST,TX
BOPFAI,Fairton FCI,BOP,39.3899307,-75.1568634,FAIRTON,NJ
BOPGIL,FCI Gilmer,BOP,38.915634,-80.784546,GLENVILLE,WV
BOPGUA,Guaynabo MDC (San Juan),BOP,18.423156,-66.112209,SAN JUAN,PR
BOPHON,Honolulu Federal Detention Center,BOP,21.33349976,-157.9288689,HONOLULU,HI
BOPLEX,Lexinton Fed.Med Center,BOP,38.104157,-84.560091,LEXINGTON,KY
BOPLOF,Lompoc FCI,BOP,34.6768725,-120.4998162,LOMPOC,CA
BOPLOM,Lompoc USP,BOP,34.6792884,-120.5052356,LOMPOC,CA
BOPLOS,Los Angeles Met.Det.Ctr.,BOP,34.053536,-118.238159,LOS ANGELES,CA
BOPLTL,"La Tuna Federal Sattelite, Low",BOP,31.86822782,-106.3696289,ANTHONY,TX
BOPMAR,Marion USP,BOP,37.663196,-88.98415,MARION,IL
BOPMCR,McCreary USP,BOP,36.688211,-84.388482,PINE KNOT,KY
BOPMEM,Memphis Fed.Corr.Inst.,BOP,35.1556605,-89.86708702,MEMPHIS,TN
BOPMIA,Miami FCI (Former MCC),BOP,25.810125,-80.311667,MIAMI,FL
BOPMIM,Miami Fed.Det.Center,BOP,25.778491,-80.193199,MIAMI,FL
BOPMRG,Morgantown Fed.Corr.Inst.,Other,39.6056186,-79.9507815,MORGANTOWN,WV
BOPNEO,Northeast Ohio Correctional Center,NOT DEFINED,41.1289599,-80.6268298,YOUNGSTOWN,OH
BOPOAD,Oakdale Fed.Det.Center,BOP,30.8207012,-92.64069075,OAKDALE,LA
BOPPHX,Phoenix Fed.Corr.Inst.,BOP,33.832026,-112.168389,PHOENIX,AZ
BOPPOL,Pollock USP,BOP,31.462992,-92.440056,POLLOCK,LA
BOPRAE,"McRae Correctional Facility, CCA",BOP,32.051673,-82.874059,MCRAE,GA
BOPRBK,Ray Brook Fed.Corr.Inst.,BOP,44.290535,-74.092607,RAY BROOK,NY
BOPRCH,Rochester Fed.Med.Center,BOP,44.023339,-92.439526,ROCHESTER,MN
BOPSDC,San Diego MCC,BOP,32.713924,-117.166037,SAN DIEGO,CA
BOPSET,Seatac Fed.Det.Center,BOP,47.4220167,-122.3016329,SEATTLE,WA
BOPSHE,Sheridan Fed.Corr.Inst.,BOP,45.084062,-123.381636,SHERIDAN,OR
BOPSPG,Springfield Fed.Med.Cntr,BOP,37.177542,-93.323273,SPRINGFIELD,MO
BOPTCN,Tucson Fed.Corr.Inst.,BOP,32.1896869,-110.8578214,TUCSON,AZ
BOPTCP,US Penitentiary Tucson,BOP,32.08037954,-110.858058,TUCSON,AZ
BOPTHA,Terre Haute USP,BOP,39.416285,-87.450698,TERRE HAUTE,IN
BOPTRV,Three Rivers FCI,BOP,28.481633,-98.15741,"THREE RIVERS,",TX
BOPVIM,FCI Victorville,BOP,34.572116,-117.38012,VICTORVILLE,CA
BOSHOLD,Boston Holdroom,Hold,42.482884,-71.208937,BURLINGTON,MA
BOSSRLA,Bossier Parish Cor. Center,USMS IGA,32.84267363,-93.75732422,PLAIN DEALING,LA
BOTTIND,Bottineau Co. ND Jail,IGSA,48.828305,-100.449892,BOTTINEAU,ND
BOWCOTX,Bowie County Jail,IGSA,33.421222,-94.042983,TEXARKANA,AR
BPC,Boston SPC,Other,42.365668,-71.05154,BOSTON,MA
BRADEFL,Bradenton Detention Center,IGSA,27.49528043,-82.57259586,BRADENTON,FL
BRANCMI,"Branch Co, Coldwater, MI",NOT DEFINED,41.9398077,-85.0003605,COLDWATER,MI
BRCHOLD,Brush Holdroom,Hold,40.27162844,-103.6247735,BRUSH,CO
BREMEIA,"Bremer Co Jail, Iowa",USMS IGA,42.72675406,-92.465757,WAVERLY,IA
BRGMCFL,Broward General Medical Center,Hospital,26.1027303,-80.1411669,FT. LAUDERDALE,FL
BRINDMA,Bristol Cnty Ndartmouth,IGSA,41.6653329,-70.9957847,NORTH DARTMOUTH,MA
BRKHOLD,Berks Hold Room,Hold,40.383025,-76.013834,LEESPORT,PA
BROADMT,Broadwater County Jail,IGSA,46.32107595,-111.5158088,TOWNSEND,MT
BROCRFL,Broward Correctional,IGSA,26.121044,-80.142951,PEMBROKE PINES,FL
BROJAFL,Broward County Jail,IGSA,26.11517307,-80.14276948,FT.LAUDERDALE,FL
BROKSTX,Brooks County Jail (Contract),USMS IGA,27.2482748,-98.12584681,FALFURRIAS,TX
BROMMNY,Broome County Jail,IGSA,42.130839,-75.913339,BINGHAMPTON,NY
BROWNSD,Brown County Jail,IGSA,45.46485,-98.486351,ABERDEEN,SD
BROWNWI,Brown County Jail,NOT DEFINED,44.5223855,-87.9307227,GREEN BAY,WI
BRWNSTX,Brownsville Police Dept.,Other,25.9077859,-97.4984148,BROWNSVILLE,TX
BSAHOLD,Broadview Service Staging,Staging,41.86852212,-87.86562002,BROADVIEW,IL
BSCDRTX,BSCC Cedar Hill Unit,BOP,32.22127671,-101.5072273,BIG SPRING,TX
BSCHOLD,Big Spring Hold Room,Hold,32.225131,-101.514653,BIG SPRING,TX
BSCORTX,BSCC Airpark Unit,BOP,32.2225778,-101.5060047,BIG SPRING,TX
BSFLTTX,BSCC Flightline Unit,BOP,32.227461,-101.527998,BIG SPRING,TX
BSGDFTX,BSCC Giles Darby Facility,BOP,33.20052812,-101.3716697,POST,TX
BSNTRTX,BSCC Interstate Unit,BOP,32.26184668,-101.4973281,BIG SPRING,TX
BSQUETX,Bosque County Sheriff's Dept.,NOT DEFINED,31.9232085,-97.6566894,MERIDIAN,TX
BTV,Buffalo SPC,SPC,43.020404,-78.202694,BATAVIA,NY
BUFHOLD,Buffalo Hold Room,Hold,42.88819085,-78.87810095,BUFFALO,NY
BURLEND,"Burleigh Co. Jail, ND",IGSA,46.794465,-100.69387,BISMARCK,ND
BURNETX,Burnet County Jail,USMS IGA,30.741522,-98.253048,BURNET,TX
BUTLEKS,Butler County Jail,USMS IGA,37.8138603,-96.8300321,EL DORADO,KS
BUTLEOH,Butler County Jail,IGSA,39.38975,-84.5531833,HAMILTON,OH
BWDGICA,Best Western Dragon Gate Inn,Other,34.0632755,-118.2390046,LOS ANGELES,CA
BWMARCA,Best Western Marina,Other,32.6589322,-117.1099656,NATIONAL CITY,CA
BXCHSNY,Bronxcare Health System,Hospital,40.8434675,-73.9110798,BRONX,NY
CACCJAM,SCC/Jamestown,Other,37.893474,-120.537864,JAMESTOWN,CA
CACFBAK,Baker CCF,IGSA,35.27852933,-116.0551281,BAKER,CA
CACFDON,RJ Donovan Correc Fac,Other,32.5846197,-116.9334155,SAN DIEGO,CA
CACFLEO,CCF/Leo Chesney,Other,39.268461,-121.664381,LIVE OAK,CA
CACFMCF,McFarland CCF,IGSA,35.6697373,-119.2278105,MCFARLAND,CA
CACFMES,Mesa Verde ICE Processing Center,CDF,35.3930327,-119.0274821,BAKERSFIELD,CA
CACHEUT,Cache Co. Jail,USMS IGA,41.73515501,-111.836168,LOGAN,UT
CACTYCA,California City Corections Center,USMS IGA,35.15567,-117.861876,CALIFORNIA CITY,CA
CADCCAL,CDC Calipatria IHP,IGSA,33.16643595,-115.4846143,CALIPATRIA,CA
CADESVI,Desert View,CDF,34.5588215,-117.4372847,ADELANTO,CA
CAIRONW,Ironwood State Prison,NOT DEFINED,33.606632,-114.9016493,BLYTHE,CA
CAJUVMN,Carver Co. Juvy Detention,Juvenile,44.789279,-93.593311,CHASKA,MN
CALDWMO,Caldwell County Jail,IGSA,39.642596,-94.046895,KINGSTON,MO
CALHOMI,"Calhoun Co., Battle Cr,MI",IGSA,42.3166739,-85.1758915,BATTLE CREEK,MI
CAMBRPA,"Cambria County Jail, PA",USMS IGA,40.4843966,-78.70123165,EBENSBURG,PA
CAMCOWY,Campbell County Jail,IGSA,44.277316,-105.509858,GILLETTE,WY
CAMEDAZ,Central Arizona Medical,Hospital,33.0173057,-111.4226795,FLORENCE,AZ
CAMENCE,"Calif. Men Colony, East",Other,35.3217,-120.696,SAN LUIS OBISPO,CA
CAMENCW,"Calif. Men Colony, West",Other,35.3217,-120.696,SAN LUIS OBISPO,CA
CAMERTX,Cameron County Jail,IGSA,25.9045066,-97.4909986,BROWNSVILLE,TX
CARBOPA,Carbon County Correctionl,IGSA,40.8787347,-75.7848305,NESQUEHONING,PA
CARBOWY,Carbon County Jail,IGSA,41.796028,-107.224224,RAWLINS,WY
CARDFVA,Caroline Detention Facility,DIGSA,38.11727166,-77.27783203,BOWLING GREEN,VA
CARJAMN,Carver County Jail,IGSA,44.787264,-93.592872,CHASKA,MN
CARROMD,Carroll County Detention Center,IGSA,39.572886,-76.986107,WESTMINSTER,MD
CASCAMT,"Cascade County Jail, MT",USMS IGA,47.46636197,-111.3804339,GREAT FALLS,MT
CASPCAL,Calipatria State Prison,Other,33.16643595,-115.4846143,CALIPATRIA,CA
CASPSAC,CSP-Sacramento,IGSA,38.69362,-121.152411,REPRESA,CA
CASSCND,Cass County Jail,IGSA,46.869841,-96.83308,FARGO,ND
CASSCNE,Cass County Jail,USMS IGA,41.01108421,-95.88334479,PLATTSMOUTH,NE
CASSJCA,Casa San Juan,Juvenile,32.7499651,-117.1448826,SAN DIEGO,CA
CATAHLA,Catahoula Correctional Center,IGSA,31.860451,-91.962215,HARRISONBURG,LA
CATTANY,Cattaraugus County Jail,IGSA,42.251454,-78.800353,LITTLE VALLEY,NY
CAWVALL,West Valley,NOT DEFINED,34.0813161,-117.5288544,RANCHO CUCAMONGA,CA
CAYUGNY,Cayuga County Jail,IGSA,42.979977,-76.54352,AUBURN,NY
CBENDTX,Coastal Bend Det. Facility,USMS IGA,27.736829,-97.754606,ROBSTOWN,TX
CBPCHLV,CBP Chula Vista BPS,Other,32.5650601,-117.0522847,SAN DIEGO,CA
CBPSYS,CBP San Ysidro POE,Other,32.544769,-117.0300788,SAN YSIDRO,CA
CBRRSNC,Cabarrus County Jail,IGSA,35.4093208,-80.5780352,CONCORD,NC
CCADCAZ,CCA Cent.AZ.Det.Ctr.,USMS IGA,33.0643662,-111.378808,FLORENCE,AZ
CCAFLAZ,"CCA, Florence Correctional Center",USMS IGA,33.0438338,-111.371793,FLORENCE,AZ
CCAHUTX,T Don Hutto Residential Center,DIGSA / Family,30.5649047,-97.41975246,TAYLOR,TX
CCANOOH,CCA Northeast OH Corrects,CDF,41.12885834,-80.62678376,YOUNGSTOWN,OH
CCASDCA,Otay Mesa Detention Center,CDF,32.57652475,-116.9154777,SAN DIEGO,CA
CCHHSIL,Cook County Hospital-JHS,Hospital,41.8729343,-87.67380235,CHICAGO,IL
CEMEDFL,Cedars Medical Center,Hospital,25.78841925,-80.2163433,MIAMI,FL
CENTRWV,Central Regional Jail,IGSA,38.6965246,-80.6581991,SUTTON,WV
CFREDVA,Clarke Fred'k Winch.,IGSA,39.19850623,-78.14630154,WINCHESTER,VA
CGRMCAZ,Casa Grande Reg. Med. Center,Hospital,32.880542,-111.708726,CASA GRANDE,AZ
CHACONY,Chautauqua County Jail,IGSA,42.25486946,-79.50413017,MAYVILLE,NY
CHAHOLD,Charlotte Amalie Holdroom,Hold,18.3223,-64.9637,ST. THOMAS,VI
CHARLSC,Charleston County Correct,USMS IGA,32.8586313,-80.0087951,NORTH CHARLESTON,SC
CHASEKS,Chase County Jail,IGSA,38.3754174,-96.5389847,COTTONWOOD FALLS,KS
CHATHGA,Chatham Co Jail,IGSA,32.066971,-81.167923,SAVANNAH,GA
CHAVENM,Chavez Det Crt,IGSA,33.352159,-104.505543,ROSWELL,NM
CHELAWA,Chelan Co. Regional Jail,USMS IGA,47.422551,-120.315434,WENATCHEE,WA
CHEMUNY,Chemung County Jail,IGSA,42.09146515,-76.80107004,ELMIRA,NY
CHENANY,Chenango County Jail,NOT DEFINED,42.5072663,-75.538678,NORWICH,NY
CHEROOK,Cherokee County Jail,Other,35.91374921,-94.97255868,TAHLEQUAH,OK
CHIHOLD,Chicago Hold Room,Hold,41.974839,-87.890021,CHICAGO,IL
CHIPPMI,"Chippewa Co., SSM",IGSA,46.49749031,-84.34616045,SAULT SAINTE MARIE,MI
CHLHOLD,"Charleston, SC Hold Room",Hold,32.846752,-80.019771,CHARLESTON,SC
CHMCINY,Courthouse USM Cntl Islip,Other,40.759299,-73.1906491,CENTRAL ISLIP,NY
CHMHOLD,Champlain Hold Room,Hold,45.0065266,-73.4528293,CHAMPLAIN,NY
CHRISMO,Christian Co Sheriff Dept,IGSA,37.01986859,-93.20555586,OZARK,MO
CHRLTFL,Charlotte County Jail,IGSA,26.9171174,-82.0434353,PUNTA GORDA,FL
CHYHOLD,Cheyenne Holdroom,Hold,41.1368002,-104.8198995,CHEYENNE,WY
CIBOCNM,Cibola County Correctional Center,IGSA,35.17978331,-107.9076486,MILAN,NM
CIBOLNM,Cibola County Det Ctr,IGSA,35.17978331,-107.9076486,GRANTS,NM
CINHOLD,Cincinnati Holdroom,Hold,39.2383221,-84.3803246,CINCINNATI,OH
CIPHOLD,Central Islip Hold Room,Hold,40.759299,-73.1906491,CENTRAL ISLIP,NY
CITRUFL,Citrus County Jail,IGSA,28.846057,-82.47752657,LECANTO,FL
CKHOSFL,Columbia Kendal Hospital,Hospital,25.73070145,-80.38559965,MIAMI,FL
CLARIPA,Clarion  County Corrections,IGSA,41.237619,-79.423483,SHIPPENVILLE,PA
CLARKWA,Clark County Jail,IGSA,45.631025,-122.6782239,VANCOUVER,WA
CLAYCIN,Clay County Justice Center,USMS IGA,39.52383377,-87.12009947,BRAZIL,IN
CLEHOLD,Cleveland Hold Room,Hold,41.504901,-81.691781,CLEVELAND,OH
CLICONY,Clinton County Jail,USMS IGA,44.71959274,-73.46803505,PLATTSBURGH,NY
CLINTPA,Clinton County Corr. Fac.,USMS IGA,41.154871,-77.336887,MCELHATTAN,PA
CLMHOLD,Columbus Holdroom,Hold,39.9623335,-83.00217974,COLUMBUS,OH
CLTHOLD,Charlotte Hold Room,Hold,35.222886,-80.837843,CHARLOTTE,NC
CMEDHPR,Centro Medico Hospital,Hospital,18.4105,-66.0605,SAN JUAN,PR
CMPJVNY,Compass House Shelter,Juvenile,42.91287469,-78.86773702,BUFFALO,NY
CNGHOLD,Chattanooga Hold Room,Hold,35.106032,-85.297818,CHATTANOOGA,TN
CNTGRIL,Centegra Hospital,Hospital,42.2760802,-88.40139588,WOODSTOCK,IL
COAHOLD,"Columbia, SC Holdroom",Hold,34.009224,-81.038982,COLUMBIA,SC
COBBJGA,Cobb County Jail,IGSA,33.908688,-84.58092,MARIETTA,GA
COCHIAZ,Cochise Co Jail Bisbee AZ,IGSA,31.43325215,-109.8708224,BISBEE,AZ
COCONAZ,Coconino Co Detention Facility,USMS IGA,35.188274,-111.640415,FLAGSTAFF,AZ
COLCASC,Columbia Care Center,Hospital,34.0757437,-80.97972426,COLUMBIA,SC
COLLIFL,Collier County Sheriff,IGSA,26.12627336,-81.76572362,NAPLES,FL
COLOMNY,Colombia County Jail,IGSA,42.249608,-73.756327,HUDSON,NY
COLUMOR,Columbia County Jail,USMS IGA,45.8486573,-122.8188631,SAINT HELENS,OR
COLUMPA,Columbia County Jail,USMS IGA,40.99816304,-76.45051929,BLOOMSBURG,PA
COMFTFL,Comfort Suites Hotel,Other,25.7331817,-80.382618,MIAMI,FL
CONCOCA,Contra Costa Co. Jail,USMS IGA,38.01833,-122.132897,MARTINEZ,CA
CONCOLA,Concordia Parish C C,IGSA,31.585628,-91.557231,FERRIDAY,LA
CONEJCO,Conejos County Jail,IGSA,37.08625,-106.005302,ANTONITO,CO
CONVEWY,Converse County Jail,IGSA,42.75971053,-105.381135,DOUGLAS,WY
CONWECA,Contra Costa Co Jail/West,USMS IGA,37.99426889,-122.3521434,RICHMOND,CA
COOCONH,Coos County Jail,USMS IGA,44.9896057,-71.5322149,WEST STEWARTSTOWN,NH
COOSCOR,Coos Co. Jail,IGSA,43.176795,-124.186364,COQUILLE,OR
COSTACA,Costa Mesa College Hosp,Hospital,33.6521001,-117.9119556,COSTA MESA,CA
COWJVWA,Cowlitz Co. Juv. Det.,Juvenile,46.14140306,-122.9177984,LONGVIEW,WA
CRGHOLD,Craig Holdroom,Hold,40.51362644,-107.5449635,CRAIG,CO
CRIHOLD,Cedar Rapids Hold Room,Hold,41.9752949,-91.6700847,CEDAR RAPIDS,IA
CROWGMN,Crow Wing County Jail,IGSA,46.355872,-94.20591294,BRAINERD,MN
CRTOSCA,Cerritos  College Hosp,Hospital,33.88516992,-118.102257,CERRITOS,CA
CRYCCTX,Crystal City Corr. Center,USMS IGA,28.63467,-99.829797,CRYSTAL CITY,TX
CSCNWWA,NW ICE Processing Ctr,CDF,47.25020974,-122.4226634,TACOMA,WA
CSDHOLD,Colo Springs Den HSI Hold,Hold,38.8334702,-104.8175095,COLORADO SPRINGS,CO
CSPHOLD,Casper Holdroom,Hold,42.85207208,-106.3248983,CASPER,WY
CSYJVNY,Casey House Shelter,Juvenile,43.097027,-79.053898,BUFFALO,NY
CTLAFSL,Laffayette Sheriff's Lock,Hold,41.7606224,-72.68348587,HARTFORD,CT
CTYORCI,York Corr Inst,IGSA,41.322975,-72.237209,NIANTIC,CT
CULBETX,Culberson County Sheriff's,IGSA,31.043198,-104.831083,VAN HORN,TX
CULPEVA,Culpeper Co. Adult Det. Center,IGSA,38.474087,-77.996688,CULPEPER,VA
CUMBEME,Cumberland County Jail,USMS IGA,43.65086235,-70.28161965,PORTLAND,ME
CURRYNM,Curry County Det Fac,IGSA,34.405859,-103.206547,CLOVIS,NM
CUSTEMT,Custer County Jail,IGSA,46.4049613,-105.8541145,MILES CITY,MT
CVREGVA,Central VA Regional Jail,IGSA,38.22283587,-78.1237059,ORANGE COUNTY,VA
DAKOTNE,Dakota County Jail,USMS IGA,42.41501017,-96.41887394,DAKOTA CITY,NE
DALCOTX,Dallas County Jail-Lew Sterrett,USMS IGA,32.77629869,-96.81560135,DALLAS,TX
DALHOLD,Dallas F.O. Hold,Hold,32.82362225,-96.87215575,DALLAS,TX
DAUPHPA,"Dauphin Cnty Jail, PA",Other,40.253563,-76.833391,HARRISBURG,PA
DAVIDTN,Davidson Co. Sheriff Dept,IGSA,36.1862325,-86.7850215,NASHVILLE,TN
DAWSOMT,Dawson County Jail,IGSA,47.105157,-104.715447,GLENDIVE,MT
DCDOCDC,DC Dept of Corrections,USMS IGA,38.91614,-77.0254583,WASHINGTON,DC
DEAPDMI,Dearborn Police Dept.,IGSA,42.3231468,-83.1725916,DEARBORN,MI
DECCSMY,Delaware Correction Center,NOT DEFINED,39.3326906,-75.5987118,SMYRNA,DE
DEKALAL,Dekalb County Detention Center,USMS IGA,34.428756,-85.760138,FORT PAYNE,AL
DEKALGA,Dekalb Co Jail,Other,33.747312,-84.311811,DECATUR,GA
DELAWPA,Delaware Co Jail,USMS IGA,39.905218,-75.512939,THORNTON,PA
DELTACO,Delta County Jail,IGSA,38.74310731,-108.0635233,DELTA,CO
DENCICO,Denver Justice Center,IGSA,39.73739606,-104.9915437,DENVER,CO
DENHOLD,Denver Hold Room,Hold,39.78360657,-104.8487767,DENVER,CO
DENICDF,Denver Contract Det. Fac.,CDF,39.76632526,-104.864502,AURORA,CO
DENIICO,Denver CDF II,CDF,39.739387,-104.8621,AURORA,CO
DENVECO,Denver County Jail,USMS IGA,39.7674294,-104.8642515,DENVER,CO
DEPCOGU,Department of Corrections,IGSA,13.448146,144.785942,MANGILAO,GU
DEPYOGU,Department of Youth Affairs,Juvenile,13.382306,144.661975,BARRIGADA,GU
DETHOLD,"U.S. Immigration, Detroit",Hold,42.4088147,-83.0379983,DETROIT,MI
DHDFNJ,Delaney Hall Detention Facility,IGSA,40.717437,-74.127789,NEWARK,NJ
DIIHBMD,Days Inn Inner Harbor Baltimore,Other,39.2873038,-76.6180752,BALTIMORE,MD
DLAMOCA,Del Amo Psychiatric Hospital,Hospital,33.810303,-118.344168,TORRANCE,CA
DLRHOLD,Del Rio DRO Hold Room,Hold,29.393471,-100.899841,DEL RIO,TX
DNHMCCO,Denver Health Medical Center,Hospital,39.72731935,-104.9911984,DENVER,CO
DOCORNE,Douglas County Correction,IGSA,41.25338965,-95.93899606,OMAHA,NE
DODGEWI,"Dodge County Jail, Juneau",USMS IGA,43.407113,-88.706195,JUNEAU,WI
DONAANM,Dona Ana County Detention Facility,IGSA,32.30290445,-106.8074711,LAS CRUCES,NM
DORCHMD,Dorchester Co Det Cntr,IGSA,38.54829109,-76.0614035,CAMBRIDGE,MD
DOUGLCO,Douglas County Detention Center,IGSA,39.37282932,-104.860137,CASTLE ROCK,CO
DOUGLOR,Douglas Co. Jail,IGSA,43.211979,-123.346009,ROSEBURG,OR
DOUGLWI,Douglas Co. Wisconsin,IGSA,46.72174494,-92.09799847,SUPERIOR,WI
DRURYCO,Drury Inn,Other,39.77648754,-104.84692,DENVER,CO
DSMCNTX,DSMC - Del Sol Medical Center,Hospital,31.756534,-106.3495064,EL PASO,TX
DSMHOLD,Des Moines Hold Room,Hold,41.5854892,-93.6232534,DES MOINES,IA
DSRTVCA,Desert Valley Hospital,Hospital,34.47175035,-117.297825,VICTORVILLE,CA
DULHOLD,Duluth Hold Room,Hold,46.8343328,-92.1561005,DULUTH,MN
DUPAGIL,Dupage County Jail,IGSA,41.871908,-88.145275,WHEATON,IL
DURHOLD,Durango Holdroom,Hold,37.237142,-107.874147,DURANGO,CO
DUTCHAK,Dutch Harbor City Jail,IGSA,53.87130458,-166.5411784,UNALASKA,AK
DUVALFL,Duval/Jacksonville Jail,IGSA,30.326018,-81.649954,JACKSONVILLE,FL
DVDHOLD,Dover Holdroom,Hold,39.15450667,-75.48795118,DOVER,DE
EAGLECO,Eagle County Jail,IGSA,39.662719,-106.819803,EAGLE,CO
EAZ,Eloy Federal Contract Fac,DIGSA,32.8176772,-111.5192701,ELOY,AZ
ECC,El Centro SPC,SPC,32.8029622,-115.5697682,EL CENTRO,CA
ECLECTX,Ector County L.E.C.,Other,31.8210765,-102.3595082,ODESSA,TX
ECMCBNY,Erie County Medical Center,Hospital,42.92631005,-78.83216629,BUFFALO,NY
ECOLOWA,Econolodge Motel,Other,47.47867886,-122.2840559,TUKWILA,WA
ECTORTX,Ector County Correction Center,IGSA,31.773866,-102.36659,ODESSA,TX
EDCHOLD,Eden Hold Room,Hold,31.216752,-99.833807,EDEN,TX
EDDCONM,Eddy County Jail,IGSA,32.421607,-104.226482,CARLSBAD,NM
EDENDTX,Eden Det Center,BOP,31.216752,-99.833807,EDEN,TX
EDNBGTX,Edinburg Police Dept.,NOT DEFINED,26.2856121,-98.1645731,EDINBURG,TX
EDNDCTX,Eden Detention Ctr,NOT DEFINED,31.2170099,-99.8335066,EDEN,TX
EDNHOLD,Eden Det Ctr Hold Room,Hold,31.2168691,-99.8334881,EDEN,TX
EHDLGTX,East Hidalgo Detention Center,USMS IGA,26.30326424,-97.93212891,LA VILLA,TX
EIRHONY,Erie Co Holding Center,Hold,42.88714992,-78.87802902,BUFFALO,NY
ELBERCO,Elbert County Jail,IGSA,39.3422995,-104.4640612,KIOWA,CO
ELGPDIL,Elgin Police Dept. Jail,IGSA,42.039683,-88.283887,ELGIN,IL
ELKHAIN,Elkhart County Jail,Other,41.6241444,-85.9785822,ELKHART,IN
ELMORID,Elmore County Jail,USMS IGA,43.137034,-115.672984,MOUNTAIN HOME,ID
ELPASCO,El Paso County Jail (CO),IGSA,38.788166,-104.77912,COLORADO SPRINGS,CO
ELPCOTX,El Paso County Jail (TX),IGSA,31.8102902,-106.2531937,EL PASO,TX
ELPHOLD,El Paso Holdroom,Hold,31.79644735,-106.3696513,EL PASO,TX
ELVDFTX,El Valle Detention Facility,IGSA,26.48040716,-97.76733398,RAYMONDVILLE,TX
ELZICDF,Elizabeth Contract D.F.,CDF,40.66615695,-74.18969352,ELIZABETH,NJ
EMBCRNC,Embassy Suites By Hilton,Other,35.8330944,-78.7717465,CARY,NC
EMBSYCO,Embassy Suites Hotel,Other,39.77833073,-104.8656473,DENVER,CO
EMESACA,East Mesa Detent Facility,IGSA,32.590096,-116.922136,SAN DIEGO,CA
EPBHSTX,El Paso Behavioral Health System,Hospital,31.7806264,-106.4760183,EL PASO,TX
EPC,El Paso SPC,SPC,31.79644735,-106.3696513,EL PASO,TX
EPCJUVI,El Paso SPC Juvenile,Hold,31.79644735,-106.3696513,EL PASO,TX
EPLTATX,El Paso Ltac Hospital,Hospital,31.783763,-106.4742236,EL PASO,TX
ERICONY,Erie County Holding Center,Hold,42.88714992,-78.87802902,BUFFALO,NY
ERICOPA,"Erie County Jail, PA",USMS IGA,42.12477524,-80.06589689,ERIE,PA
ESSEXMA,"Essex Co. Jail, Middleton",IGSA,42.5974072,-70.986788,MIDDLETON,MA
ESSEXNJ,Essex County Jail,IGSA,40.73060848,-74.13574219,NEWARK,NJ
ESSEXNY,Essex County Jail,IGSA,44.28226567,-73.53923527,LEWIS,NY
ETOWAAL,Etowah County Jail (AL),USMS IGA,34.01573709,-86.01193283,GADSDEN,AL
ETWHOLD,Etowah ERO Hold Room,Hold,34.0165078,-86.0123965,GADSDEN,AL
EUGHOLD,Eugene Holdroom,Hold,44.052201,-123.0893848,EUGENE,OR
EULESTX,Euless City Jail,IGSA,32.8316632,-97.0944679,EULESS,TX
FAICOVA,Fairfax Co Jail,USMS IGA,38.843436,-77.308527,FAIRFAX,VA
FAULKAR,Faulkner County Jail,IGSA,35.088787,-92.442618,CONWAY,AR
FAULKSD,Faulk County Jail,IGSA,45.0334399,-99.12613971,FAULKTON,SD
FAYETKY,Fayette County Detention Center,USMS IGA,38.066097,-84.544851,LEXINGTON,KY
FAYHOLD,Fayetteville Hold Room,Hold,36.10463,-94.178449,FAYETTEVILLE,AR
FCLT8CA,Facility 8 Detention Facility,NOT DEFINED,32.5917985,-116.9239845,SAN DIEGO,CA
FCOHOLD,Frederick Holdroom,Hold,40.08366084,-104.9842897,FREDERICK,CO
FERRYWA,Ferry County Jail,IGSA,48.649394,-118.733792,REPUBLIC,WA
FIPCAGA,Annex Folkston IPC,DIGSA,30.88336932,-81.9909668,FOLKSTON,GA
FLATHMT,Flathead County Jail,IGSA,48.190659,-114.310815,KALISPELL,MT
FLBAKCI,Baker C. I.,NOT DEFINED,30.2148082,-82.3723247,SANDERSON,FL
FLBHCFL,Ft Lauderdale Behavor Hlth Ctr,Hospital,26.1974707,-80.1332629,OAKLAND PARK,FL
FLDADCI,Dade Correctional Inst,NOT DEFINED,25.4171678,-80.5020883,FLORIDA CITY,FL
FLHOSFL,Fort Lauderdale Hospital,Hospital,26.1196813,-80.1267773,FORT LAUDERDALE,FL
FLMARIC,Marion Correctional Inst.,Other,29.3044006,-82.1795764,OCALA,FL
FLO,Florence SPC,SPC,33.0649605,-111.3785048,FLORENCE,AZ
FLOYDGA,Floyd County Jail,USMS IGA,34.2799192,-85.1416163,ROME,GA
FLSPSTA,"Florida St. Pris.,Starke",NOT DEFINED,30.0580043,-82.182601,RAIFORD,FL
FMYHOLD,Fort Myers ERO Holdroom,Hold,26.5489061,-81.8083647,FORT MYERS,FL
FORSYNC,Forsyth County Jail,USMS IGA,36.09651,-80.242718,WINSTON-SALEM,NC
FRACOVT,"Franklin County Jail, VT",IGSA,44.81129087,-73.08035913,SAINT ALBANS,VT
FRANKWA,Franklin County,IGSA,46.213756,-119.042518,PASCO,WA
FRDHOLD,Frederick Holdroom,Hold,40.08366084,-104.9842897,FREDERICK,CO
FRECOCA,Fresno County Jail,IGSA,36.7291884,-119.8017545,FRESNO,CA
FREDEMD,Frederick County Det. Cen,IGSA,39.36508045,-77.41508036,FREDERICK,MD
FREEBMN,"Freeborn County Jail, MN",IGSA,43.6462546,-93.3677806,ALBERT LEA,MN
FREHOLD,Fresno Holdroom,Hold,36.73267589,-119.7852956,FRESNO,CA
FREMOCO,"Fremont County Jail, CO",IGSA,38.446849,-105.18313,CANON CITY,CO
FREMOWY,"Fremont County Jail, WY",IGSA,42.83628181,-108.7275751,LANDER,WY
FRFLDWY,Fairfield Inn & Suites,Other,41.1252087,-104.8352015,CHEYENNE,WY
FRIOCTX,Frio County Jail,IGSA,28.8879483,-99.0916754,PEARSALL,TX
FRMVLVA,ICA - Farmville,DIGSA,37.319501,-78.438276,FARMVILLE,VA
FSAHOLD,Fort Smith Holdroom,Hold,35.3328677,-94.3878247,FORT SMITH,AR
FSF,Florence Staging Facility,Staging,33.0649605,-111.3785048,FLORENCE,AZ
FXADCVA,Fairfax Co. Adult Detention Center,IGSA,38.84363394,-77.31119537,FAIRFAX,VA
GADRYJM,D. Ray James Prison,BOP,30.8739805,-81.9794748,FOLKSTON,GA
GALLAMT,Gallatin County Jail,IGSA,45.673753,-111.059585,BOZEMAN,MT
GARVIOK,Garvin County Jail,IGSA,34.740003,-97.222229,PAULS VALLEY,OK
GASTNNC,Gaston County Jail,IGSA,35.2675,-81.182088,GASTONIA,NC
GCLECOK,Grady County Law Enforcement Ctr,NOT DEFINED,35.05698043,-97.94311523,CHICKASHA,OK
GEAUGOH,Geauga County Jail,USMS IGA,41.504557,-81.19155,CHARDON,OH
GENESNY,Genesee County Jail,USMS IGA,42.998731,-78.188095,BATAVIA,NY
GFCORND,Grand Forks County Correc,IGSA,47.935792,-97.055851,GRAND FORKS,ND
GFJUVND,Grand Forks Co. Juvenile,Juvenile,47.935792,-97.055851,GRAND FORKS,ND
GIJUVAZ,Gila County Juvenile Det Center,Juvenile,33.40038,-110.7688274,GLOBE,AZ
GJCHOLD,Grand Junction Holdroom,Hold,39.08742921,-108.5855331,GRAND JUNCTION,CO
GLADEFL,Glades County Detention Center,IGSA,26.838714,-81.124018,MOORE HAVEN,FL
GLEPDCA,Glendale Police Dept,IGSA,34.1472553,-118.2492154,GLENDALE,CA
GLOUCNJ,Gloucester County Jail,IGSA,39.83890746,-75.1491954,WOODBURY,NJ
GOSHEWY,Goshen County Jail,IGSA,42.065322,-104.1820187,TORRINGTON,WY
GPCHOLD,Great Plains CI Holdroom,Hold,35.446946,-98.367623,HINTON,OK
GRANTOR,Grant County Jail,IGSA,44.387071,-118.950498,CANYON CITY,OR
GRANTWA,Grant County,IGSA,47.3215395,-119.5529628,EPHRATA,WA
GRAYSKY,Grayson County Detention Center,USMS IGA,37.49107275,-86.2578805,LEITCHFIELD,KY
GREENMA,Franklin House of Corrections,USMS IGA,42.5964024,-72.6124595,GREENFIELD,MA
GREENMO,Greene County Jail,IGSA,37.21775884,-93.29106785,SPRINGFIELD,MO
GRFHOLD,Grand Forks Hold Room,Hold,47.92382012,-97.03497765,GRAND FORKS,ND
GRIHOLD,Grand Island Hold Room,Hold,40.924152,-98.343144,GRAND ISLAND,NE
GRMHOLD,Grand Rapids Holdroom,Hold,42.97268389,-85.67005197,GRAND RAPIDS,MI
GRRHOLD,Greer Hold Room,Hold,34.9371548,-82.2418822,GREER,SC
GRYDCKY,Grayson County Det Center (Female),USMS IGA,37.49107275,-86.2578805,LEITCHFIELD,KY
GSCHOLD,Glenwood Springs Holdroom,Hold,39.5150507,-107.3234023,GLENWOOD SPRINGS,CO
GUADATX,Guadalupe Cty Jail,IGSA,29.6037661,-97.970028,SEGUIN,TX
GUDOCHG,Dept of Corrections-Hagatna,USMS IGA,13.475742,144.750595,HAGATNA,GU
GWINNGA,Gwinnett County Jail,IGSA,33.9821822,-83.9772641,LAWRENCEVILLE,GA
HAILEID,Haile Det. Center,IGSA,43.66480214,-116.6816823,CALDWELL,ID
HALLJGA,Hall Co Jail,USMS IGA,34.242651,-83.815583,GAINESVILLE,GA
HAMPDMA,Hampden Co.House of Corr.,IGSA,42.2046085,-72.5105724,LUDLOW,MA
HARDEFL,Hardee County Jail,NOT DEFINED,27.5432449,-81.8018537,WAUCHULA,FL
HARDJIA,Hardin Co Jail,IGSA,42.35984492,-93.09737106,ELDORA,IA
HARFOCT,Hartford Corr Center,IGSA,41.79329603,-72.66005815,HARTFORD,CT
HARHOLD,Hartford Office,Hold,41.65125491,-72.60366603,HARTFORD,CT
HARRIGA,Harris County Jail,IGSA,32.764412,-84.866192,HAMILTON,GA
HASHENE,Hall County Sheriff,IGSA,40.926919,-98.328077,GRAND ISLAND,NE
HASKLTX,Rolling Plains Detention Center,USMS IGA,33.1762715,-99.72178917,HASKELL,TX
HBGHOLD,Harrisonburg Hold Room,Hold,38.4267988,-78.8483885,HARRISONBURG,VA
HCPSYTX,Harris County Psychiatric Center,Hospital,29.71215455,-95.37452665,HOUSTON,TX
HDLGOTX,Hidalgo Police Dept.,NOT DEFINED,26.1002465,-98.2602573,HIDALGO,TX
HELHOLD,Hel District Custody,Hold,46.59349986,-111.9741765,HELENA,MT
HENDENC,Henderson County Det. Fac.,IGSA,35.31488406,-82.45637937,HENDERSONVILLE,NC
HENDENV,Henderson Detention,USMS IGA,36.0332158,-114.9746293,HENDERSON,NV
HENDETX,Henderson County Jail,IGSA,32.21280107,-95.85571289,ATHENS,TX
HENDRFL,Hendry County Jail,IGSA,26.7604715,-81.43664617,LABELLE,FL
HENHOLD,Hendersonville Hold Room,Hold,35.31880745,-82.46808227,HENDERSONVILLE,NC
HERNAFL,Hernando County Jail,IGSA,28.483619,-82.451205,BROOKSVILLE,FL
HHWHOLD,INS District Office,Hold,21.299633,-157.8631238,HONOLULU,HI
HICOJFL,Hillsborough County Jail,IGSA,27.9582201,-82.37309106,TAMPA,FL
HIDALNM,Hidalgo County Detention Center,IGSA,32.337628,-108.665511,LORDSBURG,NM
HIDALTX,Hidalgo County Jail,IGSA,26.416723,-98.127738,EDINBURG,TX
HILLCMT,Hill County Justice Center,USMS IGA,48.55288501,-109.7068314,HAVRE,MT
HLGHOLD,Harlingen Hold Room,Hold,26.178023,-97.71412437,HARLINGEN,TX
HLYCHIL,Holy Cross Hospital,Hospital,41.7693648,-87.6922122,CHICAGO,IL
HMCHOTX,Harlingen Medical Center,Hospital,26.157745,-97.67513,HARLINGEN,TX
HNRMCFL,Henry Regional Medical Center,Hospital,26.7525907,-80.9412498,CLEWISTON,FL
HOKLYTX,Hockley County Jail,IGSA,33.5783128,-102.3788175,LEVELLAND,TX
HOSPSPR,Hospital Pavia-Santurce,Hospital,18.444251,-66.068992,SAN JUAN,PR
HOTELMA,Ramada Hotel,Other,42.387526,-71.01766902,EAST BOSTON,MA
HOUHOLD,Houston FO Holdroom,Hold,29.95204543,-95.31115606,HOUSTON,TX
HOUICDF,Houston Contract Det.Fac.,CDF,29.95083585,-95.31218808,HOUSTON,TX
HOWARMD,Howard County Det Cntr,IGSA,39.16941095,-76.78179079,JESSUP,MD
HPBRGTX,Hopebridge Hospital,Hospital,29.651577,-95.477913,HOUSTON,TX
HRLGNTX,Harlingen Police Dept.,NOT DEFINED,26.2004927,-97.7056244,HARLINGEN,TX
HRREGVA,Hampton Roads Regional Jail,USMS IGA,36.804472,-76.368436,PORTSMOUTH,VA
HSF,Harlingen Staging Facility,Staging,26.18120829,-97.68485813,HARLINGEN,TX
HUDSONJ,Hudson County Jail,IGSA,40.72991,-74.103398,KEARNY,NJ
HUDSPTX,Hudspeth County Jail,IGSA,31.1841074,-105.3585878,SIERRA BLANCA,TX
IAHSFTX,George Bush Intercontinental,Staging,29.9839236,-95.33220235,HOUSTON,TX
IBPSMIA,Miami Border Patrol,NOT DEFINED,25.7739939,-80.1950194,MIAMI,FL
IEPHOLD,ICE El Paso Hold Room,Hold,31.80354631,-106.2886103,EL PASO,TX
IFIHOLD,Idaho Falls Hold Room,Hold,43.51475817,-112.0337537,IDAHO FALLS,ID
ILPICKN,Pinckneyville Correctional Center,NOT DEFINED,38.0881687,-89.329431,PINCKNEYVILLE,IL
IMPCOCA,Imperial County Jail,IGSA,32.74877157,-115.5630594,EL CENTRO,CA
INDCMIC,IN Dept. of Corrections,NOT DEFINED,39.7679855,-86.1652409,INDIANAPOLIS,IN
INPHOLD,Indianapolis Hold Room,Hold,39.765936,-86.1535844,INDIANAPOLIS,IN
IRADFCA,Imperial Regional Adult Det Fac,CDF,32.690811,-115.397861,CALEXICO,CA
IRWINGA,Irwin County Detention Center,IGSA / USMS IGA,31.58099723,-83.25462794,OCILLA,GA
ISHOSNY,"Beth Israel Hospital, Manhattan",Hospital,40.734669,-73.981017,NEW YORK,NY
IWAHOLD,AZ Rem Op Coord Center (AROCC),Hold,33.4180114,-111.8367566,MESA,AZ
JACKSOR,Jackson Co Jail,USMS IGA,42.321995,-122.8786715,MEDFORD,OR
JAJUVOR,Jackson County Juvenile,Juvenile,42.32086865,-122.8777724,MEDFORD,OR
JAKHOLD,Jackson MS Hold Room,Hold,32.2879592,-90.0604261,PEARL,MS
JAMESGA,Main Folkston IPC DRJAMES,DIGSA / IGSA,30.872094,-81.98247,FOLKSTON,GA
JAXHOLD,Jacksonville Sub-Office,Hold,30.25553186,-81.59002626,JACKSONVILLE,FL
JCRLYTX,Joe Corley Processing Ctr,IGSA,30.34444,-95.46021,CONROE,TX
JEFFECO,Jefferson County Jail,IGSA,39.7301082,-105.2042608,GOLDEN,CO
JEFFEID,Jefferson County Jail,IGSA,43.67335753,-111.9108918,RIGBY,ID
JEFFEIL,Jefferson County Jail,IGSA,38.314552,-88.90253478,MOUNT VERNON,IL
JEFFEKS,Jefferson County Jail,USMS IGA,39.20713197,-95.31135339,OSKALOOSA,KS
JEFFEMT,Jefferson County Jail,USMS IGA,46.23578765,-112.1211429,BOULDER,MT
JEFFENY,Jefferson County Jail,IGSA,43.973502,-75.928291,WATERTOWN,NY
JEFFETX,Jefferson County Jail,IGSA,30.079492,-94.094305,BEAUMONT,TX
JENADLA,Lasalle ICE Processing Center,DIGSA,31.70727408,-92.15105963,JENA,LA
JENATLA,Alexandria Staging Facility,Staging,31.31723,-92.5364,ALEXANDRIA,LA
JENNIMO,Jennings City Jail,USMS IGA,38.710918,-90.2665596,JENNINGS,MO
JFKTSNY,JFK International Ap - T7,Other,40.6495623,-73.7827185,JAMAICA,NY
JHALLCA,San Diego County Juv.Hall,Juvenile,33.3863791,-117.5633884,SAN DIEGO,CA
JHMCJNY,Jamaica Hospital Med Ctr,Hospital,40.7005373,-73.816226,RICHMOND HILL,NY
JHRWLTX,Jack Harwell Detention Center,USMS IGA,31.5462976,-97.0673467,WACO,TX
JKPCCLA,Jackson Parish Correctional Center,DIGSA,32.22209584,-92.72460938,JONESBORO,LA
JMHOSFL,Jackson Memorial Hospital,Hospital,25.8470752,-80.3062799,MIAMI,FL
JOHNSTX,Johnson County Jail,IGSA,32.3749017,-97.38846453,CLEBURNE,TX
JOSEPOR,Josephine Co. Jail,USMS IGA,42.4384778,-123.3194571,GRANTS PASS,OR
JYCMCNJ,Jersey City Med Ctr,Hospital,40.7163016,-74.0503916,JERSEY CITY,NJ
KANDIMN,Kandiyohi Co. Jail,IGSA,45.1460114,-95.0136881,WILLMAR,MN
KANECIL,Kane County Jail,NOT DEFINED,41.900152,-88.3555386,ST CHARLES,IL
KANHOLD,Kansas City Holdroom,Hold,39.268843,-94.675548,KANSAS CITY,MO
KANKEIL,Kankakee County Jail,USMS IGA,41.07573766,-87.85922738,KANKAKEE,IL
KARNETX,Karnes Cty Corr Ctr,USMS IGA,28.88348505,-97.91184814,KARNES CITY,TX
KCCDCTX,Karnes County Civil Det. Facility,Family,28.884651,-97.915298,KARNES CITY,TX
KCHOSNY,Kings County Hospital,Hospital,40.6566962,-73.94346584,BROOKLYN,NY
KCOJFOK,Kay Co Justice Facility,IGSA,36.87962061,-97.07519531,NEWKIRK,OK
KENOSWI,Kenosha County Jail,USMS IGA,42.59321564,-87.9148965,KENOSHA,WI
KENTCMI,"Kent Co.,Grand Rapids,MI",IGSA,42.97624673,-85.62990511,GRAND RAPIDS,MI
KERCOCA,Kern County Jail (Lerdo),IGSA,35.6530636,-119.1079387,BAKERSFIELD,CA
KINNETX,Kinney County Jail,IGSA,29.31132878,-100.4180336,BRACKETTVILLE,TX
KITTIWA,Kittitas County Jail,IGSA,46.99656649,-120.5498112,ELLENSBURG,WA
KLAMCOR,Klamath Co Jail,IGSA,42.22184,-121.748813,KLAMATH FALLS,OR
KNXDFTN,Knox County Detention Facility,USMS IGA,36.09349937,-83.84765625,KNOXVILLE,TN
KNXHOLD,Knoxville Hold Room,Hold,35.9603026,-83.9167728,KNOXVILLE,TN
KODIAAK,Kodiak City Jail,IGSA,57.79098719,-152.4058299,KODIAK,AK
KOOTEID,Kootenai County,IGSA,47.701751,-116.786279,COEUR D'ALENE,ID
KRHUBFL,Krome/Miami Hub,Hold,25.75434,-80.48913,MIAMI,FL
KRNRCTX,Karnes County Residential Center,Family,28.884651,-97.915298,KARNES CITY,TX
KRO,Krome North SPC,SPC,25.76031975,-80.49682617,MIAMI,FL
KROHOLD,Krome Hold Room,Hold,25.7581461,-80.3509388,MIAMI,FL
LACKAPA,"Lackawana Cnty Jail, PA",USMS IGA,41.42234433,-75.64786479,SCRANTON,PA
LAFERTX,La Feria Police Dept.,NOT DEFINED,26.1589693,-97.8230708,LA FERIA,TX
LAKCOMT,Lake County Jail,IGSA,47.69222831,-114.1605585,POLSON,MT
LAKMCFL,Lakeside Medical Center,Hospital,26.7253319,-80.6680752,BELLE GLADE,FL
LANCACA,Mira Loma Det.Center,DIGSA,34.7016555,-118.233176,LANCASTER,CA
LANECOR,Lane Co Jail,IGSA,44.0511,-123.0901158,EUGENE,OR
LAPAZAZ,La Paz County Adult Det. Fac.,USMS IGA,34.14622635,-114.2901887,PARKER,AZ
LAPLACO,La Plata County Jail,USMS IGA,37.247535,-107.878657,DURANGO,CO
LARCOWY,Laramie County Jail,USMS IGA,41.13475335,-104.8200948,CHEYENNE,WY
LARIMCO,Larimer County Jail,USMS IGA,40.56382216,-105.0321624,FORT COLLINS,CO
LASALTX,Lasalle County Jail,Other,28.44470279,-99.2366577,COTULLA,TX
LASANCO,Las Animas County Jail,IGSA,37.18008478,-104.4856281,TRINIDAD,CO
LASWOCA,Las Colinas Women Det Fac,IGSA,32.840379,-116.973663,SANTEE,CA
LAVACTX,Lavaca County Jail,NOT DEFINED,29.4438528,-96.9410929,HALLETTSVILLE,TX
LAWINCI,Winn Corr Institute,DIGSA,31.84956533,-92.80151367,WINNFIELD,LA
LAWREPA,Lawrence County Jail,USMS IGA,40.99906979,-80.33782425,NEW CASTLE,PA
LAWRESD,"Lawrence Co. Jail, SD",IGSA,44.37513576,-103.7293156,DEADWOOD,SD
LBKHOLD,Lubbock Hold Room,Hold,33.58437,-101.845109,LUBBOCK,TX
LDFHOLD,Loveland Holdroom,Hold,40.39847612,-105.0725195,LOVELAND,CO
LEACONM,Lea County Jail,USMS IGA,32.93424105,-103.3390551,LOVINGTON,NM
LEHIGPA,"Lehigh County Jail, PA",USMS IGA,40.60479398,-75.46572184,ALLENTOWN,PA
LEWISMT,Lewis & Clark County Jail,IGSA,46.58637942,-112.036538,HELENA,MT
LEWISNY,Lewis County Jail,IGSA,43.778601,-75.500889,LOWVILLE,NY
LEXINSC,Lexington County Jail,USMS IGA,33.97848075,-81.25083986,LEXINGTON,SC
LFRESTX,Los Fresnos Police Dept.,NOT DEFINED,26.0729528,-97.4783299,LOS FRESNOS,TX
LIMESTX,Limestone Det Center,USMS IGA,31.52878353,-96.51234696,GROESBECK,TX
LINCOMO,Lincoln County Sheriff's,IGSA,38.97101443,-90.96348024,TROY,MO
LINCONE,Lincoln County Jail,IGSA,41.107277,-100.764118,NORTH PLATTE,NE
LINNCOR,Linn Co Jail,IGSA,44.62942952,-123.0978208,ALBANY,OR
LINNJIA,Linn County Jail,USMS IGA,41.97529487,-91.67008471,CEDAR RAPIDS,IA
LIVINNY,Livingston County Jail,USMS IGA,42.800297,-77.816272,GENESEO,NY
LKLNDLA,Lakeland Nursing Home,Hospital,31.3402,-92.39921,PINEVILLE,LA
LLUMCCA,Loma Linda University Med Center,Hospital,34.04911185,-117.2634355,LOMA LINDA,CA
LONPDAR,Lonoke Police Dept Det.Ctr,IGSA,34.5416135,-91.7548073,LONOKE,AR
LOSCJCA,Los Angeles County Jail-Twin Tower,IGSA,34.05905809,-118.2313412,LOS ANGELES,CA
LOSHOLD,Los Cust Case,Hold,34.054044,-118.239721,SAN PEDRO,CA
LOUCOVA,Loudoun County,USMS IGA,39.075238,-77.544925,LEESBURG,VA
LOUHOLD,Louisville Hold Room,Hold,38.25320155,-85.76107196,LOUISVILLE,KY
LOYMCIL,Loyola Medical Center,Hospital,41.86058,-87.834527,MAYWOOD,IL
LPAPSAZ,La Palma Corr Ctr Apso,DIGSA,32.65,-111.59,ELOY,AZ
LPD77CA,Los Angeles Police Pd 77th Div.,NOT DEFINED,33.9702803,-118.2779687,LOS ANGELES,CA
LPLCCAZ,La Palma Correctional Center,DIGSA,32.8242111,-111.5441895,ELOY,AZ
LRAHOLD,Little Rock Hold Room,Hold,34.7237825,-92.3077327,LITTLE ROCK,AR
LRDHOLD,Laredo Detention Center Hold Room,Hold,27.529078,-99.44792,LAREDO,TX
LRDICDF,Laredo Processing Center,DIGSA,27.5294764,-99.44777311,LAREDO,TX
LRKBHFL,Larkin Behavioral Health Svcs,Hospital,26.0211773,-80.1806619,HOLLYWOOD,FL
LRKMCFL,Lower Keys Medical Center,Hospital,24.5808668,-81.7425506,KEY WEST,FL
LRKNHFL,Larkin Hospital,Hospital,25.7062706,-80.29266702,SOUTH MIAMI,FL
LSFHOLD,Los Fresnos Hold Room,Hold,26.0745673,-97.5121806,LOS FRESNOS,TX
LSHOSMA,Lemuel Shattuck Hospital,Hospital,42.2999102,-71.1063401,JAMAICA PLAIN,MA
LSRDCTX,La Salle Co Regional Det. Center,USMS IGA,28.045288,-99.336083,ENCINAL,TX
LTVHOLD,"Lorton, VA Hold Room",Hold,38.8807381,-77.2323425,FAIRFAX,VA
LUBBOTX,Lubbock County Jail,USMS IGA,33.5854229,-101.8434337,LUBBOCK,TX
LUFKNTX,Lufkin Police Dept.,Other,31.336934,-94.726863,LUFKIN,TX
LUNCONM,Luna County Jail,IGSA,32.275782,-107.777403,DEMING,NM
LVGHOLD,Las Vegas Hold Room,Hold,36.0583473,-115.2251266,LAS VEGAS,NV
LYOLAIL,Loyola Center for Health,Hospital,41.86428869,-87.84715661,MAYWOOD,IL
MABSHOS,Bwater St Hosp Bridgewate,Hospital,41.9466983,-70.9526157,BRIDGEWATER,MA
MACCOMI,"Macomb Co.Mt.Clemens,MI.",USMS IGA,42.61252834,-82.88227369,MOUNT CLEMENS,MI
MADISID,Madison County Jail,IGSA,43.827089,-111.779306,REXBURG,ID
MADISMS,"Madison Co. Jail, MS.",IGSA,32.643411,-90.023566,CANTON,MS
MADISNY,Madison County Jail,USMS IGA,43.080706,-75.707453,WAMPSVILLE,NY
MAHONOH,Mahoning County Jail,IGSA,41.104242,-80.654914,YOUNGSTOWN,OH
MANHOLD,Manchester Holdroom,Hold,42.99851926,-71.46659763,MANCHESTER,NH
MAPLEOH,Maple Heights City Jail,USMS IGA,41.414988,-81.565423,MAPLE HEIGHTS,OH
MARICOR,Marion Co Jail,IGSA,44.891436,-122.9572791,SALEM,OR
MARIOIN,Marion County Jail,USMS IGA,39.765936,-86.15358438,INDIANAPOLIS,IN
MARSHIA,Marshall County Jail,USMS IGA,42.010496,-93.05982,MARSHALLTOWN,IA
MARTIFL,Martin County Jail,IGSA,27.175606,-80.239852,STUART,FL
MARTNTX,Martin County Jail,NOT DEFINED,32.1311284,-101.7909278,STANTON,TX
MATEWKS,Tewksbury State Hospital,Hospital,42.613319,-71.23592,TEWKSBURY,MA
MATSHOS,Taunton State Hospital,Hospital,41.9009817,-71.0892959,TAUNTON,MA
MAVERTX,Maverick County Jail,IGSA,28.7193239,-100.4599858,EAGLE PASS,TX
MCCDCTX,Mcclennan County Detention Center,USMS IGA,31.55812353,-97.13398424,WACO,TX
MCCLETX,McLennan County Jail,IGSA,31.557534,-97.133016,WACO,TX
MCFAJAZ,Maricopa County Jail,USMS IGA,33.4455438,-112.0782984,PHOENIX,AZ
MCHENIL,McHenry County Sheriff's,USMS IGA,42.3370015,-88.4431677,WOODSTOCK,IL
MCKINNM,McKinley County Adult Det. Cen.,IGSA,35.5021729,-108.7332668,GALLUP,NM
MCMEDAZ,Maricopa Medical Center,Hospital,33.446667,-112.059446,PHOENIX,AZ
MEADESD,"Meade Co. Jail, SD",IGSA,44.41453,-103.515705,STURGIS,SD
MECKLNC,Mecklenburg (NC) Co Jail,USMS IGA,35.31491702,-80.84112443,CHARLOTTE,NC
MEDHOLD,Medford Sub-Office,Hold,42.32540398,-122.8769674,MEDFORD,OR
MEMHOLD,Memphis Hold Room,Hold,35.15751129,-89.88252957,MEMPHIS,TN
MEMRHFL,Memorial Regional Hosp.,Hospital,26.0193875,-80.1800087,HOLLYWOOD,FL
MERCEIL,Mercer County Corrections,Other,41.1996446,-90.7591483,ALEDO,IL
MERCYFL,Mercy Hospital,Hospital,25.7400049,-80.213526,MIAMI,FL
MESJACO,Mesa County Jail,USMS IGA,39.068602,-108.5740444,GRAND JUNCTION,CO
METROFL,Metro Dade Jail,IGSA,25.7153218,-80.3360369,MIAMI,FL
MEYTHCT,Maine Youth Center - Long Creek,Juvenile,43.6395847,-70.3089901,SOUTH PORTLAND,ME
MGAHOLD,Montgomery Hold Room,Hold,32.3742945,-86.3051067,MONTGOMERY,AL
MIAHOLD,Miami (Miramar) Hold Room,Hold,25.9199582,-80.15496114,MIAMI,FL
MIDBIMA,Middlesex County H.O.C.-Billerica,IGSA,42.36948,-71.0794,CAMBRIDGE,MA
MIDDLNJ,Middlesex County Jail,IGSA,40.421388,-74.488991,NORTH BRUNSWICK,NJ
MIDLATX,Midland Detention Center,USMS IGA,31.993732,-102.076911,MIDLAND,TX
MILHOLD,Milwaukee Holdroom,Hold,43.0475026,-87.9078194,MILWAUKEE,WI
MILLRAR,Miller County Jail,USMS IGA,33.39980132,-94.02270787,TEXARKANA,AR
MINERMT,Mineral County Jail,IGSA,47.1918156,-114.8912635,SUPERIOR,MT
MINICID,Minicassia Det. Center,IGSA,42.53528029,-113.7918093,BURLEY,ID
MINNESD,Minnehaha County Jail,USMS IGA,43.5784603,-96.7285574,SIOUX FALLS,SD
MISCOMO,Mississippi County Detention Cente,IGSA,36.923458,-89.351767,CHARLESTON,MO
MISSOMT,Missoula County,IGSA,46.8827745,-114.0271291,MISSOULA,MT
MIWPRPH,Walter Reuther Psychiatric Center,Hospital,42.29655473,-83.34578967,WESTLAND,MI
MLDHOLD,"Midland, TX ERO Holdroom",Hold,31.994252,-102.074372,MIDLAND,TX
MLJHOLD,Mount Laurel Hold Room,Hold,39.9328803,-74.9575004,MOUNT LAUREL,NJ
MNCOAKC,"Minn.C.F, Oak Park Hgts",IGSA,45.05295206,-92.83115056,STILLWATER,MN
MNROEMI,Monroe County Sheriff/Jail-Main,IGSA,41.914749,-83.398858,MONROE,MI
MNTGMAL,Montgomery City Jail,IGSA,32.38155571,-86.29825808,MONTGOMERY,AL
MOFFECO,Moffat County Jail,IGSA,40.50679779,-107.5585057,CRAIG,CO
MOHAVAZ,Mohave Co Corr Center,IGSA,35.1923041,-114.051336,KINGMAN,AZ
MONCJAL,Montgomery City Jail,USMS IGA,32.37877969,-86.30762302,MONTGOMERY,AL
MONMONJ,Monmouth County Jail,IGSA,40.2678971,-74.28696232,FREEHOLD,NJ
MONROFL,Monroe County Jail,IGSA,24.57218474,-81.74893038,KEY WEST,FL
MONROMI,Monroe County Detention-Dorm,IGSA,41.893515,-83.394064,MONROE,MI
MONRONY,Monroe County Jail,IGSA,43.152392,-77.614157,ROCHESTER,NY
MONTGAL,Montgomery Co Mac Sim Butler D.F.,USMS IGA,32.37429522,-86.30510687,MONTGOMERY,AL
MONTGMO,Montgomery County Jail,IGSA,38.979586,-91.504377,MONTGOMERY CITY,MO
MONTGNY,Montgomery County Jail,IGSA,42.9529841,-74.3740641,FONDA,NY
MONTGPA,"Montgomery Cnty Jail, PA",USMS IGA,40.15904,-75.422263,NORRISTOWN,PA
MONTGTX,Montgomery County Jail,IGSA,30.3359939,-95.44819816,CONROE,TX
MORGACO,Morgan County Jail,IGSA,40.251332,-103.789522,FORT MORGAN,CO
MORGNMO,Morgan County Sheriff's Dept,IGSA,38.43162758,-92.83975127,VERSAILLES,MO
MOROWOH,Morrow Co. Correctional Facility,IGSA,40.5599306,-82.80671785,MOUNT GILEAD,OH
MOUNTND,"Mountrail Co. Jail, ND",IGSA,48.320834,-102.390752,STANLEY,ND
MPSIPAN,Saipan Department of Corrections,USMS IGA,15.156223,145.703679,SAIPAN,MP
MRCDSTX,Mercedes Police Dept.,NOT DEFINED,26.1483815,-97.9118976,MERCEDES,TX
MSF,Miami Staging Facility,Hold,25.7784607,-80.1931315,MIAMI,FL
MSKGNMI,Muskegon County Jail,NOT DEFINED,43.2350822,-86.2436646,MUSKEGON,MI
MTGHOLD,Montgomery Hold Rm,Hold,30.34443559,-95.44921875,CONROE,TX
MTGPCTX,Montgomery Processing Ctr,CDF,30.34444,-95.44922,CONROE,TX
MTPPDCA,Monterey Park Police Dept,USMS IGA,34.05916,-118.125959,MONTEREY PARK,CA
MULTNOR,Multnomah County Jail,IGSA,45.5634814,-122.5441087,PORTLAND,OR
MUSCAIA,Muscatine County Jail,USMS IGA,41.4243549,-91.0446662,MUSCATINE,IA
MUSIKCA,James A Musick Facility,IGSA,33.6630294,-117.7005928,IRVINE,CA
MUSSEMT,Musselshell County Jail,IGSA,46.44966786,-108.5417885,ROUNDUP,MT
MVMDAL,"MVM Transport, Dallas",NOT DEFINED,,,,
MVMELP,"MVM Transport, El Paso",NOT DEFINED,,,,
MVMPHO,"MVM Transport, Phoenix",NOT DEFINED,,,,
MVMSND,"MVM Transport, San Diego",NOT DEFINED,,,,
MVMSNP,"MVM Transport, San Antonio Proper",NOT DEFINED,,,,
MVNSNA,"MVN Transportation, SNA",NOT DEFINED,,,,
NASHUMA,Nashua St. Jail,NOT DEFINED,42.3672235,-71.0661658,BOSTON,MA
NASSAFL,Nassau County Jail,IGSA,30.610685,-81.631404,YULEE,FL
NASSANY,Nassau Co Correc Center,IGSA,40.72780699,-73.55616534,EAST MEADOW,NY
NATCHLA,Natchitoches Parish Det. Center,USMS IGA,31.73751113,-93.10913086,NATCHITOCHES,LA
NATROWY,Natrona County Jail,USMS IGA,42.862257,-106.345052,CASPER,WY
NAVSOAZ,Navajo County Sheriff,IGSA,34.871553,-110.154716,HOLBROOK,AZ
NBRMCFL,North Broward Medical Center,Hospital,26.2754093,-80.0986378,POMPANO BEACH,FL
NEJUVNE,N.E.Neb.Juvenile Services,Juvenile,41.8445326,-97.4568932,MADISON,NE
NEWHOLD,NEW/INS OS Hold Room,Hold,40.73036437,-74.17498616,NEWARK,NJ
NFMIGFL,Neighbor-Family Miami Gardens,NOT DEFINED,25.9827212,-80.3395007,MIRAMAR,FL
NFSMTGA,"Neighbor-Family, Stone Mountain",Other,33.817835,-84.120592,STONE MOUNTAIN,GA
NGDCTGA,North Georgia Detention Center,IGSA,34.29467486,-83.82416645,GAINESVILLE,GA
NHSPCON,"NH State Prison, Concord",IGSA,43.2273988,-71.5576108,CONCORD,NH
NIAGANY,Niagara County Jail,IGSA,43.180452,-78.735648,LOCKPORT,NY
NIOBRWY,Niobrara County Jail,IGSA,42.76089174,-104.4509136,LUSK,WY
NIXHCTX,Nix Home Care,NOT DEFINED,29.512179,-98.5398688,SAN ANTONIO,TX
NNREGVA,Northern Neck Reg. Jail,IGSA,37.96468,-76.79151,WARSAW,VA
NOBLEMN,Nobles Co. Jail,IGSA,43.649224,-95.593433,WORTHINGTON,MN
NOJUVOR,Northern Oregon Juv.Det.,Juvenile,45.6100519,-121.202763,THE DALLES,OR
NOLHOLD,Nol D D & P,Hold,29.948091,-90.077862,NEW ORLEANS,LA
NOLVGNV,North Las Vegas,USMS IGA,36.20230153,-115.1195983,NORTH LAS VEGAS,NV
NORCOOR,Northern Oregon Corr.Fac.,IGSA,45.6100519,-121.202763,THE DALLES,OR
NORFOMA,Norflk Cnty Dedham,USMS IGA,42.2597568,-71.2087651,DEDHAM,MA
NORFOVA,Norfolk City Jail,USMS IGA,36.84600504,-76.28316583,NORFOLK,VA
NORHOLD,Norfolk Sub-Office Hold,Hold,36.8761636,-76.22287045,NORFOLK,VA
NRPHOLD,North Platte Hold Room,Hold,41.135013,-100.759979,NORTH PLATTE,NE
NSVHOLD,Nashville Hold Room,Hold,36.1677587,-86.779278,NASHVILLE,TN
NVJDCVA,No. Va. Juvenile Det - ICE,Juvenile,38.812562,-77.137071,ALEXANDRIA,VA
NVSDCNV,Nevada Southern Detention Center,USMS IGA,36.24902657,-115.9827748,PAHRUMP,NV
NWHNVNC,New Hanover Co Det Center,IGSA,34.327352,-77.895749,CASTLE HAYNE,NC
NWRCCMN,Nw Regional Corrections Center,USMS IGA,47.7688316,-96.6285899,CROOKSTON,MN
NWREGVA,Northwest Reg. Adult Det.,IGSA,39.19850623,-78.14630154,WINCHESTER,VA
NYADIRC,"Adirondack CF, Raybrook",Other,44.2958769,-74.0932125,RAY BROOK,NY
NYBUFFC,"Buffalo CF, Alden,NY",IGSA,42.93196345,-78.5401029,ALDEN,NY
NYCHOLD,NYC Hold Room,Hold,40.6404815,-74.17030725,NEW YORK,NY
NYEPANV,Nye County Sheriff-Pahrump,IGSA,36.219543,-115.982801,PAHRUMP,NV
NYFISHC,Fishkill C.F. Beacon NY,Other,41.5220042,-73.950884,BEACON,NY
NYMOHOC,Mohawk Correctional,NOT DEFINED,43.2197956,-75.4494742,ROME,NY
NYOGDNC,Ogdensburg Correctional,IGSA,44.721621,-75.44791,OGDENSBURG,NY
NYORLNC,Orleans Correctional,IGSA,43.244379,-78.220154,ALBION,NY
NYULSTC,"Ulster CF, Napanoch",Other,41.74366,-74.355587,NAPANOCH,NY
OAK,Oakdale Fed. Det. Center,IGSA,30.8207012,-92.64069075,OAKDALE,LA
OAKHOLD,Oakdale Holding Room,Hold,30.832183,-92.63684,OAKDALE,LA
OCCWJCA,Orange County Central Women's Jail,IGSA,33.7487096,-117.8771597,SANTA ANA,CA
OCIRCCA,Orange Count Intake Release Fac.,IGSA,33.7487096,-117.8771597,SANTA ANA,CA
ODESSTX,Odessa Detention Center,IGSA,31.84579331,-102.3678404,ODESSA,TX
OGCMCCA,Orange Co Global Medical Center,Hospital,33.7539445,-117.8330274,SANTA ANA,CA
OGLECIL,Ogle County Jail,USMS IGA,42.01315747,-89.32985122,OREGON,IL
OGRMCNY,Orange Regional Med Ctr,Hospital,41.4419177,-74.3680944,MIDDLETOWN,NY
OGUHOLD,Ogden Hold Room,Hold,41.220537,-112.018854,OGDEN,UT
OKANOWA,Okanogan Co. Jail,IGSA,48.36574553,-119.581578,OKANOGAN,WA
OKCHOLD,Oklahoma City Hold Room.,Hold,35.42401994,-97.5967341,OKLAHOMA CITY,OK
OKCOJOK,Oklahoma County Jail,IGSA,35.46956705,-97.52675523,OKLAHOMA CITY,OK
OKMULOK,Okmulgee County Jail,IGSA,35.62237634,-95.97423614,OKMULGEE,OK
OLACCLA,Lasalle Corr Ctr Olla,IGSA,31.85131,-92.28482,OLLA,LA
OLDHAKY,Oldham County Jail,USMS IGA,38.4071363,-85.3808399,LA GRANGE,KY
OMAHOLD,Omaha FO Hold,Hold,41.2812941,-95.8987635,OMAHA,NE
ONECONY,Oneida County Jail,IGSA,43.155943,-75.376746,ORISKANY,NY
ONONDNY,Onondaga County Jail,USMS IGA,43.0461648,-76.14642169,SYRACUSE,NY
ONTARNY,Ontario County Jail,USMS IGA,42.882834,-77.211753,CANANDAIGUA,NY
ORANGFL,Orange County Jail,USMS IGA,28.5038122,-81.41640494,ORLANDO,FL
ORANGNY,Orange County Jail,IGSA,41.40466912,-74.3574594,GOSHEN,NY
ORLEANY,Orleans County Jail,IGSA,43.24546626,-78.19235804,ALBION,NY
ORLHOLD,Orlando Hold Room,Hold,28.42749625,-81.3338145,ORLANDO,FL
ORPARLA,Orleans Parish Sheriff,IGSA,29.961463,-90.093506,NEW ORLEANS,LA
OSAHOKS,Osawatamie State Hospital,Hospital,38.51033,-94.939831,OSAWATAMIE,KS
OTEROCO,Otero County Jail,USMS IGA,37.986843,-103.539597,LAJUNTA,CO
OTERONM,Otero County Detention,IGSA,32.852357,-106.007951,ALAMOGORDO,NM
OTROPNM,Otero County Prison Facility,USMS IGA,32.07876,-106.278026,CHAPARRAL,NM
OTRPCNM,Otero Co Processing Center,DIGSA,32.08042,-106.28262,CHAPARRAL,NM
PALMBFL,Palm Beach County Jail,IGSA,26.67306236,-80.09224477,WEST PALM BEACH,FL
PAMREVA,Pamunkey Reg Jail,USMS IGA,37.75195734,-77.35902542,HANOVER,VA
PARKCMT,Park County Det Center,IGSA,45.663363,-110.555668,LIVINGSTON,MT
PARKCWY,Park County Jail,IGSA,44.53220288,-109.0605911,CODY,WY
PARKJCO,Park County Jail,IGSA,39.2177087,-105.9799334,FAIRPLAY,CO
PASADCA,Pasadena City Jail,IGSA,34.149188,-118.144762,PASADENA,CA
PASSANJ,Passaic County Jail,IGSA,40.913016,-74.174113,PATERSON,NJ
PAVHRPR,Pavia Hospital - Hato Rey,Hospital,18.41936,-66.055968,SAN JUAN,PR
PCJDCIL,Peoria County Juv Det Center,Juvenile,40.688861,-89.69345275,PEORIA,IL
PCSHOLD,Pecos Hold Room,Hold,31.3981762,-103.5214509,PECOS,TX
PDNHOLD,Pdn Hold Room,Hold,31.74968832,-106.4867865,EL PASO,TX
PECOSTX,Pecos Criminal Justice Center,IGSA,31.398588,-103.511566,PECOS,TX
PEMBIND,Pembina County Jail,IGSA,48.79061482,-97.62589,CAVALIER,ND
PENDOWA,Pend Orielle Correctional Facility,IGSA,48.17905691,-117.058017,NEWPORT,WA
PENDRNC,Pender County Jail,NOT DEFINED,34.5523248,-77.9250923,BURGAW,NC
PENNISD,Pennington County Jail SD,USMS IGA,44.07892823,-103.2210237,RAPID CITY,SD
PENOBME,Penobscot County Jail,USMS IGA,44.80142619,-68.77755554,BANGOR,ME
PERRYAL,Perry County Corr. Center,IGSA,32.634284,-87.316173,UNIONTOWN,AL
PHELPNE,Phelps County Jail,USMS IGA,40.43904671,-99.37040143,HOLDREGE,NE
PHIHOLD,Phi District Office,Hold,39.95995,-75.16547,PHILADELPHIA,PA
PHILLMT,"Phillips County Jail, MT",IGSA,48.35676886,-107.8775363,MALTA,MT
PHOHOLD,Phoenix Dist Office,Hold,33.4707851,-112.0730899,PHOENIX,AZ
PIC,Port Isabel SPC,SPC,26.155046,-97.33829,LOS FRESNOS,TX
PICKJOH,Pickaway County Jail,IGSA,39.610607,-82.953115,CIRCLEVILLE,OH
PIERCND,Pierce County Jail,Other,48.3736398,-99.9775761,RUGBY,ND
PIKCOPA,Pike County Jail,IGSA,41.38881,-75.071465,LORDS VALLEY,PA
PIMAJAZ,Pima County Jail,IGSA,32.2013392,-110.9906302,TUCSON,AZ
PINALAZ,Pinal County Jail,IGSA,33.0412907,-111.3760342,FLORENCE,AZ
PINELFL,Pinellas County Jail,USMS IGA,27.901529,-82.706199,CLEARWATER,FL
PINEPLA,Pine Prairie ICE Processing Center,DIGSA,30.788073,-92.413408,PINE PRAIRIE,LA
PISCAME,Piscataguis County Jail,USMS IGA,45.18308767,-69.22442969,DOVER-FOXCROFT,ME
PITHOLD,Pittsburgh Holdroom,Hold,40.424825,-79.960811,PITTSBURGH,PA
PKEHOLD,Pike County ERO Hold Room,Hold,41.388359,-75.072108,HAWLEY,PA
PLATTMO,Platte County Jail,IGSA,39.1903532,-94.6837149,PLATTE CITY,MO
PLATTWY,Platte County Jail,USMS IGA,42.055382,-104.952706,WHEATLAND,WY
PLMBHTX,Palms Behavioral Health,Hospital,26.163359,-97.671657,HARLINGEN,TX
PLMVWTX,Palmview Police Dept.,NOT DEFINED,26.2370936,-98.3736871,PALMVIEW,TX
PLRMCCA,Palmdale Regional Medical Center,Hospital,34.5831938,-118.1446251,PALMDALE,CA
PLYMOMA,Plymouth Co Cor Facilty,IGSA,41.9318079,-70.65129918,PLYMOUTH,MA
PMHOSFL,Palmetto Hospital,Hospital,25.885214,-80.324795,HIALEAH,FL
PMREGVA,Piedmont Reg Jail,IGSA,37.32060119,-78.42539229,FARMVILLE,VA
POLKCTX,IAH Secure Adult Det. Facility,IGSA,30.6981513,-95.00579154,LIVINGSTON,TX
POLKJIA,Polk County Jail,USMS IGA,41.653605,-93.587813,DES MOINES,IA
POMHOLD,"Portland, ME Holdroom",Hold,43.63491743,-70.25004189,PORTLAND,ME
POMONCA,Pomona City Jail,USMS IGA,34.05492324,-117.754213,POMONA,CA
PONDEMT,Pondera County Jail,IGSA,48.16898539,-111.9472006,CONRAD,MT
POOHOLD,Portland District Office,Hold,45.5150962,-122.6763292,PORTLAND,OR
POTTAIA,Pottawattamie County Jail,USMS IGA,41.281836,-95.867184,COUNCIL BLUFFS,IA
PRESITX,Presidio County Jail,IGSA,30.31336567,-104.0212517,MARFA,TX
PRLDCTX,Prairieland Detention Center,DIGSA,32.42078539,-97.19690234,ALVARADO,TX
PRLHOLD,Prairieland Suboffice Hold Room,Hold,32.42078539,-97.19690234,ALVARADO,TX
PROHOLD,Providence Holdroom,Hold,41.7269728,-71.4571156,WARWICK,RI
PROWECO,Prowers County Jail,IGSA,38.08617973,-102.618786,LAMAR,CO
PRUHOLD,Provo Hold Room,Hold,40.148962,-111.659712,SPANISH FORK,UT
PRVEGAL,Vega Alta Det. Facility,IGSA,18.4109489,-66.3203902,VEGA ALTA,PR
PRYCOAL,Perry County Jail,NOT DEFINED,32.6340889,-87.3175314,MARION,AL
PTISBTX,Port Isabel Police Dept.,NOT DEFINED,26.0740699,-97.2097624,PORT ISABEL,TX
PUEBLCO,Pueblo County Jail,USMS IGA,38.2755452,-104.6105561,PUEBLO,CO
PUEHOLD,Pueblo Holdroom,Hold,38.393003,-105.116869,FLORENCE,CO
PULASIL,Pulaski County Jail,IGSA,37.272085,-89.175133,ULLIN,IL
PWHOSFL,Palms West Hospital,Hospital,26.684044,-80.252606,LOXAHATCHEE,FL
PWILLVA,Prince William,USMS IGA,38.75190824,-77.47775919,MANASSAS,VA
QLTYSCA,Quality Suites,Other,32.556366,-116.942224,CALIPATRIA,CA
QUEHONY,Queens House of Detention,IGSA,40.71073049,-73.83179187,KEW GARDENS,NY
RAADCMN,"Ramsey ADC Annex, SPM",USMS IGA,44.955749,-93.089261,ST. PAUL,MN
RADDFGA,Robert A Deyton Detention Fac,USMS CDF,33.44060944,-84.32006836,LOVEJOY,GA
RAPPSVA,Rapp Sec Center,USMS IGA,38.3184947,-77.4719874,STAFFORD,VA
RCKISIL,Rock Island Correctional Center,USMS IGA,41.509178,-90.580878,ROCK ISLAND,IL
RCMHOLD,Richmond Sub-Office Hold,Hold,37.542324,-77.433933,RICHMOND,VA
RDUHOLD,Raleigh Hold Room,Hold,35.7897439,-78.7796076,CARY,NC
REDETTX,Reeves County Det. Center,IGSA,31.3961529,-103.5395362,PECOS,TX
REDHOLD,Redding Hold Room,Hold,40.5750116,-122.3626391,REDDING,CA
REHOSIL,Riveredge Hospital,Hospital,41.8649929,-87.8038743,FOREST PARK,IL
REJAITX,Reeves County Jail,IGSA,31.38933574,-103.5266665,PECOS,TX
REJUVTX,Reeves Co. Juv. Det. Ctr.,IGSA,31.391136,-103.533477,PECOS,TX
RENHOLD,Reno Hold Room,Hold,39.5729049,-119.8094503,RENO,NV
RENSSNY,Rensselaer Co Sheriff,USMS IGA,42.7101578,-73.70085814,TROY,NY
RGHOSTX,Rio Grande St.Hospital,Hospital,26.172737,-97.700713,HARLINGEN,TX
RGRNDTX,Rio Grande Detention Center,USMS CDF,27.377813,-99.489677,LAREDO,TX
RGS,Rio Grande Valley Staging,Staging,26.155113,-97.338322,LOS FRESNOS,TX
RICECKS,Rice County Det Center,IGSA,38.347486,-98.223738,LYONS,KS
RICHMVA,Richmond City Jail,IGSA,37.5491236,-77.4188828,RICHMOND,VA
RICRANS,"ACI, Cranston RI",IGSA,41.74722048,-71.46723859,CRANSTON,RI
RIIHOLD,Rock Island Hold Room,Hold,41.50918615,-90.58073053,ROCK ISLAND,IL
RIOCCCA,Rio Cosumnes Corrections-Rccc,IGSA,38.4031734,-121.4176697,ELK GROVE,CA
RIOGRCO,Rio Grande County Jail,IGSA,37.67659639,-106.3506827,DEL NORTE,CO
RIVERCA,Riverside County Sheriff,IGSA,33.97813549,-117.3740521,RIVERSIDE,CA
RMKHOLD,Roanoke Sub-Office Hold Room,Hold,37.2926,-80.061161,SALEM,VA
RNDLLTX,Randall County Jail,USMS IGA,35.116465,-101.866116,AMARILLO,TX
ROANOVA,Roanoke County Jail,IGSA,37.293689,-80.053459,SALEM,VA
ROBERSD,"Roberts Co. Jail, SD",IGSA,45.663878,-97.047077,SISSETON,SD
ROCKIIL,Rock Island County Jail,USMS IGA,41.50918615,-90.58073053,ROCK ISLAND,IL
ROCKINH,Rockingham County Jail,IGSA,43.011607,-71.053791,BRENTWOOD,NH
ROCKIVA,Rockingham Co. Jail,USMS IGA,38.44956526,-78.87046789,HARRISONBURG,VA
RONKEVA,Roanoke City Jail,USMS IGA,37.27138849,-79.94723813,ROANOKE,VA
ROSEAMN,Roseau County Jail,IGSA,48.839881,-95.76663,ROSEAU,MN
ROSEBMT,Rosebud County Jail,IGSA,46.26639949,-106.673267,FORSYTH,MT
ROUTTCO,Routt County Jail,IGSA,40.50190473,-106.8600344,STEAMBOAT SPRINGS,CO
RPCHOLD,Rapid City Hold Room,Hold,44.09919672,-103.2646852,RAPID CITY,SD
RRFINWA,Red Roof Inn,Other,47.4511275,-122.2947371,SEATAC,WA
RRIVRIL,Rock River Health Care,Hospital,42.316638,-89.071697,ROCKFORD,IL
RSREGVA,Riverside Reg Jail,USMS IGA,37.295038,-77.321437,HOPEWELL,VA
RSWHOLD,Roswell Hold Room,Hold,33.3980846,-104.5248374,ROSWELL,NM
RVRCCLA,River Correctional Center,DIGSA,31.60660972,-91.57104492,FERRIDAY,LA
RWCCMLA,Richwood Cor Center,DIGSA,32.46342596,-92.08740234,MONROE,LA
SAAHOLD,Santa Ana DRO Holdroom,Hold,33.748562,-117.875155,SANTA ANA,CA
SACHOLD,Sacramento Hold,Hold,38.57813929,-121.4995672,SACRAMENTO,CA
SACITCA,Santa Ana City Jail,IGSA,33.750177,-117.880487,SANTA ANA,CA
SACRACA,Sacramento County Jail,USMS IGA,38.582987,-121.49743,SACRAMENTO,CA
SAGHOLD,San Angelo Holdroom,Hold,31.42195134,-100.4640316,SAN ANGELO,TX
SAIHOLD,Saipain Hold,Hold,15.156223,145.703679,SAIPAN,MP
SAJHOLD,DHS/ICE/DRO,Staging,18.406539,-66.106714,GUAYNABO,PR
SALEMNJ,Salem County Correctional Facility,USMS IGA,39.614489,-75.356102,WOODSTOWN,NJ
SALHOLD,Salisbury Hold Room,Hold,38.4105074,-75.571609,SALISBURY,MD
SALINNE,Saline County Jail,Other,40.4754624,-96.9608035,WILBER,NE
SAMBCMI,Samaritan Behavioral Center,Hospital,42.390695,-82.982098,DETROIT,MI
SANANCA,Santa Ana County Jail,IGSA,33.750122,-117.880573,SANTA ANA,CA
SANDONM,Sandoval County Det Ctr,IGSA,35.321519,-106.570305,BERNALILLO,NM
SANJAIL,Sangamon County Jail,USMS IGA,39.800056,-89.642601,SPRINGFIELD,IL
SANMINM,San Miguel County Det Ctr,IGSA,35.557635,-105.2279758,LAS VEGAS,NM
SANTANM,Santa Fe County Jail,IGSA,35.63597375,-106.0199822,SANTA FE,NM
SARJUNE,Sarpy County Juvenile,Juvenile,41.141368,-96.03921,PAPILLION,NE
SARPYNE,Sarpy County Jail,IGSA,41.14318758,-96.04171089,PAPILLION,NE
SBARBCA,Santa Barbara County Jail,Other,34.444148,-119.776223,SANTA BARBRA,CA
SBDHOLD,San Bernadino Hold Room,Hold,34.10077,-117.297624,SAN BERNARDINO,CA
SBERNCA,San Bernardino Co. Jail,USMS IGA,34.10154663,-117.2716512,SAN BERNARDINO,CA
SBNTOTX,San Benito Police Dept.,NOT DEFINED,26.1538058,-97.6443425,SAN BENITO,TX
SCNORCA,Santa Clara Co Main Jail,USMS IGA,37.35195267,-121.9056373,SAN JOSE,CA
SCOTTIA,Scott County Det.Facility,USMS IGA,41.5240367,-90.5794301,DAVENPORT,IA
SCOTTMO,Scott County Jail,IGSA,37.096581,-89.564259,BENTON,MO
SCOTTNE,Scotts Bluff Co Jail,USMS IGA,41.82607718,-103.6604624,GERING,NE
SCRUZAZ,Santa Cruz Co Jail AZ,USMS IGA,31.35537155,-110.9278234,NOGALES,AZ
SDHOSCA,San Diego Area Hospital,Hospital,32.6188528,-117.0230189,CHULA VISTA,CA
SDPROCA,S.D. County Probation,Other,32.74985394,-117.1288177,SAN DIEGO,CA
SEAHOLD,Seattle Field Office Hold Room,Hold,47.490701,-122.291143,SEATTLE,WA
SEBASAR,Sebastian County Det Cnt,USMS IGA,35.382833,-94.4251108,FORT SMITH,AR
SENECNY,Seneca County Jail,IGSA,42.14993775,-77.0628675,CORNING,NY
SENECOH,Seneca County Jail,IGSA,41.079514,-83.153682,TIFFIN,OH
SFCORNM,Santa Fe Cornell Det. Fac.,IGSA,35.563707,-106.053574,SANTA FE,NM
SFDHOLD,Sioux Falls Hold Room,Hold,43.548712,-96.72369,SIOUX FALLS,SD
SFRHOLD,Sfr Hold Room,Hold,37.7963088,-122.4015046,SAN FRANCISCO,CA
SGUHOLD,"St. George, UT Holdroom",Hold,37.1127071,-113.5798716,SAINT GEORGE,UT
SHACOKS,Shawnee County Dept of Corr.,IGSA,39.0481007,-95.6718263,TOPEKA,KS
SHAJUKS,Shawnee County Juv.Det.Ctr,Juvenile,39.047595,-95.670171,TOPEKA,KS
SHECOVA,Shenandoah Co Jail,IGSA,38.8819702,-78.5057146,WOODSTOCK,VA
SHERBMN,Sherburne County Jail,IGSA,45.304329,-93.619191,ELK RIVER,MN
SHERIMT,Sheridan County Jail,IGSA,48.778326,-104.557544,PLENTYWOOD,MT
SHERIWY,Sheridan County Jail,IGSA,44.81608816,-106.9558958,SHERIDAN,WY
SILBOMT,Butte-Silver Bow County Jail,IGSA,46.01528006,-112.5387644,BUTTE,MT
SILERTN,Silverdale/Hamilton County,IGSA,35.0514851,-85.13669949,CHATTANOOGA,TN
SISAONE,Sleep Inn Suites Airport,Other,41.2819286,-95.9095714,OMAHA,NE
SITKAAK,"Sitka City Jail, Sitka AK",IGSA,57.05260155,-135.3336124,SITKA,AK
SJS,San Juan Staging,Staging,18.423358,-66.114827,GUAYNABO,PR
SJUANNM,San Juan County Detention Center,USMS IGA,36.82580645,-108.0218508,AZTEC,NM
SJUANTX,San Juan Police Dept.,NOT DEFINED,26.2178973,-98.1500443,SAN JUAN,TX
SJUHOLD,San Juan Airport Hold Room,Hold,18.437531,-66.004703,SAN JUAN,PR
SLCHOLD,Salt Lake City Hold Room,Hold,40.6845765,-111.9612484,WEST VALLEY CITY,UT
SLJUVCA,San Luis Obispo Co. Juven,NOT DEFINED,35.3212684,-120.7185778,SAN LUIS OBISPO,CA
SLOBICA,San Luis Obispo Co Jail,Other,35.3213217,-120.7252554,SAN LUIS OBISPO,CA
SLRDCAZ,San Luis Regional Det Center,IGSA,32.49847,-114.778342,SAN LUIS,AZ
SLSLCUT,Salt Lake County Jail,USMS IGA,40.7262389,-111.9167772,SALT LAKE CITY,UT
SMARYMD,St. Mary's Co Det Cntr,IGSA,38.30172712,-76.62949526,LEONARDTOWN,MD
SNAHOLD,San Antonio DRO Hold Room,Hold,29.52218155,-98.39182655,SAN ANTONIO,TX
SNDCOCA,San Diego County Jail,IGSA,32.590171,-116.921245,SAN DIEGO,CA
SNDHOLD,Snd District Staging,Hold,32.717307,-117.165183,SAN DIEGO,CA
SNJHOLD,Snj Hold Room,Hold,37.23883,-121.7742945,SAN JOSE,CA
SOBAYCA,South Bay Detent Facility,IGSA,32.632657,-117.077746,CHULA VISTA,CA
SOLONOH,Solon City Jail,IGSA,41.3906074,-81.4397818,SOLON,OH
SOMERME,Somerset County Jail,IGSA,44.7893856,-69.88266087,MADISON,ME
SONMACA,Sonoma Co Main Adult Det,NOT DEFINED,38.4672812,-122.7244896,SANTA ROSA,CA
SOUTECO,Southern Ute Detention Center,IGSA,37.132919,-107.633797,IGNACIO,CO
SPGHOLD,Springfield DRO Hold,Hold,37.2669575,-93.1294134,STRAFFORD,MO
SPHOSCA,San Pedro Peninsula Hospital,Hospital,33.7393391,-118.3066854,SAN PEDRO,CA
SPIPDTX,South Padre Island Police Dept.,NOT DEFINED,26.1182289,-97.1706503,SOUTH PADRE ISLAND,TX
SPMHOLD,US INS/Detention & Deportation,Hold,44.860123,-93.230675,BLOOMINGTON,MN
SPRNGOR,Springfield City Jail,IGSA,44.0475018,-123.0214501,SPRINGFIELD,OR
SRJDFID,Snake River Juvenile,Juvenile,42.54311355,-114.4337813,TWIN FALLS,ID
SSMHOLD,Sault Sainte Marie Holdroom,Hold,46.49755,-84.345642,SAULT STE. MARIE,MI
STAHOLD,Saint Albans Hold Room,Hold,44.80115263,-73.07364169,SAINT ALBANS,VT
STCDFTX,South Texas ICE Processing Center,CDF,28.8946514,-99.1219428,PEARSALL,TX
STCLAMI,St. Clair County Jail,IGSA,42.94196024,-82.48124175,PORT HURON,MI
STCROWI,St. Croix County Jail,IGSA,44.981443,-92.7231243,HUDSON,WI
STDHOLD,South Texas/Pearsall Hold Room,Hold,28.895232,-99.121238,PEARSALL,TX
STEUBNY,Steuben County Jail,IGSA,42.349616,-77.295631,BATH,NY
STEVEWA,Stevens County Jail,IGSA,48.54252786,-117.9041854,COLVILLE,WA
STFRCTX,South Texas Fam Residential Center,Family,28.658051,-99.200575,DILLEY,TX
STJOSAZ,St. Joseph's Hospital & Med. Cen.,Hospital,33.4811191,-112.0793075,PHOENIX,AZ
STJOSCA,St. Joseph's Hospital,Hospital,33.78213355,-117.8640264,ORANGE,CA
STK,Stockton Staging Facility,Staging,37.9511281,-121.2899487,STOCKTON,CA
STLAWNY,St Lawrence County Jail,IGSA,44.59820413,-75.16868434,CANTON,NY
STLHOLD,St. Louis Holdroom,Hold,38.62431814,-90.19991016,ST. LOUIS,MO
STMARAZ,St Mary's Hospital,Hospital,32.22744275,-111.0001793,TUCSON,AZ
STMARCA,St Mary Medical Center,Hospital,34.540401,-117.264687,APPLE VALLEY,CA
STMRYIL,St. Mary of the Nazareth,Hospital,41.90309025,-87.68339448,CHICAGO,IL
STOPDIL,Stone Park Police Dept.,IGSA,41.8991876,-87.8836911,STONE PARK,IL
STORYIA,Story County Jail,USMS IGA,42.009888,-93.44177051,NEVADA,IA
STRAFNH,Strafford Co Dept of Corr,IGSA,43.2192302,-70.93860828,DOVER,NH
STTAMLA,St Tammany Parish Jail,IGSA,30.48042118,-90.0953793,COVINGTON,LA
STTCJVI,St T Criminal Just Complx,IGSA,18.340495,-64.927892,CHARLOTTE AMALIE,VI
STUHOLD,Stuart Hold Room,Hold,27.155589,-80.212243,STUART,FL
STUTSND,"Stutsman Co. Jail, ND",IGSA,46.9032087,-98.70653896,JAMESTOWN,ND
STWRTGA,Stewart Detention Center,DIGSA,32.036676,-84.771746,LUMPKIN,GA
SUFFOMA,Suffolk HOC Sbay,IGSA,42.3329215,-71.0709394,BOSTON,MA
SUFFONY,Suffolk Co.Correc Fac,USMS IGA,40.914484,-72.670754,RIVERHEAD,NY
SUMMIUT,Summit County Jail,IGSA,40.720554,-111.478368,PARK CITY,UT
SUNNYWA,Sunnyside Jail,IGSA,46.32866171,-120.0231876,SUNNYSIDE,WA
SUSSEDE,"Sussex Co Pris,Geotwn,DE",IGSA,38.6988197,-75.4006577,GEORGETOWN,DE
SUSSENJ,Sussex County Jail,IGSA,41.0545668,-74.7669569,NEWTON,NJ
SWEETWY,Sweetwater County Jail,USMS IGA,41.537427,-109.301349,ROCK SPRINGS,WY
SXCHOLD,Sioux City Hold Room,Hold,42.505131,-96.404939,SIOUX CITY,IA
TALHOLD,Tallahassee Hold Room,Hold,30.471947,-84.354361,TALLAHASSEE,FL
TALLAMS,Tallahatchie Co Corr Facility,USMS IGA,34.015686,-90.39034,TUTWILER,MS
TAMHOLD,Tampa Hold Room,Hold,27.959412,-82.372276,TAMPA,FL
TAYLOTX,Taylor County Adult Det.,IGSA,32.4179209,-99.7679054,ABILENE,TX
TELLECO,Teller County Jail,IGSA,38.94236032,-105.1539447,DIVIDE,CO
TEMPLCA,Temple Medical,Hospital,34.04851296,-118.2339782,LOS ANGELES,CA
TENSALA,Tensas Parish Det. Cntr.,IGSA,31.808719,-91.397103,WATERPROOF,LA
TETONWY,Teton County Detention Center,USMS IGA,43.4777463,-110.7603554,JACKSON,WY
TFALLID,Twin Falls County Jail,IGSA,42.55835367,-114.4668514,TWIN FALLS,ID
TFIHOLD,Twin Falls Hold Room,Hold,42.5631215,-114.4790992,TWIN FALLS,ID
TGREETX,Tom Green Cty Jail,USMS IGA,31.46284488,-100.4400894,SAN ANGELO,TX
THPSCTX,Thop Sierra Campus ELP,Other,31.7776439,-106.4808963,EL PASO,TX
TIOGANY,Tioga County Jail,IGSA,42.14256923,-76.26560823,OWEGO,NY
TITUSTX,Titus County Jail,USMS IGA,33.154341,-94.970619,MT. PLEASANT,TX
TLACYCA,Theo Lacy Facility,IGSA,33.78267075,-117.8886173,ORANGE,CA
TNWESDF,Western Tennessee Det. Fac.,USMS CDF / USMS IGA,35.408822,-89.550034,MASON,TN
TONDHLG,Transport Only No Detention-HLG,NOT DEFINED,,,,
TOOELUT,Tooele County Jail,USMS IGA,40.53024984,-112.2984163,TOOELE,UT
TOOLEMT,Toole County Jail,IGSA,48.50713249,-111.8561354,SHELBY,MT
TOORANM,"Torrance/Estancia, NM",IGSA,34.767387,-106.018496,ESTANCIA,NM
TORHOLD,Tornillo Adult Hold Room,Hold,31.4464325,-106.1233978,TORNILLO,TX
TRAVITX,Travis County Jail,IGSA,30.273317,-97.746124,AUSTIN,TX
TRICOIL,Tri-County Jail,IGSA,37.272085,-89.175133,ULLIN,IL
TUCHOLD,Tucson INS Hold Room,Hold,32.1353209,-110.9260223,TUCSON,AZ
TULCOOK,Tulsa County Jail,IGSA,36.1572816,-95.99901266,TULSA,OK
TULHOLD,Tulsa Hold Room,Hold,36.139538,-95.864309,TULSA,OK
TXAHOLD,Texarkana Holdroom,Hold,33.420881,-94.043166,TEXARKANA,TX
TXHUNTS,Huntsville State P.,IGSA,30.721677,-95.5465847,HUNTSVILLE,TX
UACTHLG,UAC Trans Only No Detention-HLG,NOT DEFINED,,,,
UINTAWY,Uinta County Jail,USMS IGA,41.26898,-110.921048,EVANSTON,WY
UINTCUT,Uintah County Jail,IGSA,40.4571043,-109.5254718,VERNAL,UT
UMATCOR,Umatilla Co Jail,IGSA,45.674301,-118.84931,PENDLETON,OR
UMCEPTX,University Med Center of El Paso,Hospital,31.7723453,-106.4349492,EL PASO,TX
UMIAHFL,University of Miami Hospital,Hospital,25.78841925,-80.2163433,MIAMI,FL
UNIONNM,Union County Detention Center,IGSA,36.448189,-103.190784,CLAYTON,NM
UNIONSD,Union County Jail,USMS IGA,42.685396,-96.682676,ELK POINT,SD
UPSTANY,Upstate University Hospital,Hospital,43.042638,-76.140378,SYRACUSE,NY
USMS2TX,US Marshals  SDTX,NOT DEFINED,29.7648768,-95.3578916,HOUSTON,TX
USMS3TX,US Marshals  SDTX,USMS IGA,26.204134,-98.238362,MCALLEN,TX
USMSDFL,"US Marshals,S.Dist.FL",USMS IGA,25.778364,-80.194558,MIAMI,FL
USMSDMS,"US Marshals, S.Dist, MS",USMS IGA,32.29535235,-90.18233068,JACKSON,MS
USMVT,"US Marshal's, Vermont",USMS IGA,44.480721,-73.213906,BURLINGTON,VT
USMWDLA,"US Marshals, W.D. LA.",USMS IGA,32.515997,-93.75043,SHREVEPORT,LA
UTAHCUT,Utah County Jail,IGSA,40.14825555,-111.6569065,SPANISH FORK,UT
UVALDTX,Uvalde County Jail,NOT DEFINED,29.2123681,-99.7827867,UVALDE,TX
VALJUTX,Val Verde County Juvenile,Juvenile,29.356175,-100.899824,DEL RIO,TX
VALVETX,Val Verde Detention Center,USMS IGA,29.373265,-100.847867,DEL RIO,TX
VBHOSTX,Valley Baptist Hospital,Hospital,26.17524635,-97.67025575,HARLINGEN,TX
VENHOLD,Ventura Custody Case,Hold,34.206389,-119.077197,CAMARRILLO,CA
VENTUCA,Ventura County Jail,USMS IGA,34.26755765,-119.2107845,VENTURA,CA
VIRBEVA,Virginia Beach,IGSA,36.753146,-76.060064,VIRGINIA BEACH,VA
VISTACA,Vista Detention Facility,IGSA,33.192194,-117.256901,VISTA,CA
VNBRNMI,Van Buren Township PD,IGSA,42.233207,-83.494673,BELLEVILLE,MI
VPREGVA,Virginia Peninsula Reg. Jail,USMS IGA,37.22158046,-76.61865234,WILLIAMSBURG,VA
VRK,Varick Street SPC,Hold,40.72829055,-74.00626961,NEW YORK,NY
VTCHTDN,Chittenden Reg. Cor. Facility,IGSA,44.44590655,-73.20459247,SOUTH BURLINGTON,VT
VTDCORR,VT. Dept. of Corrections,IGSA,44.33331582,-72.75174172,WATERBURY,VT
VTSTALB,Northwest State Correctional Ctr.,USMS IGA,44.850138,-73.132435,SWANTON,VT
VVGMCCA,Victor Valley Global Med Center,Hospital,34.527953,-117.293781,VICTORVILLE,CA
VVSHOLD,Shreveport Hold Room,Hold,32.513789,-93.749198,SHREVEPORT,LA
WACLATX,Central Texas Detention Facility,USMS IGA,29.42353235,-98.49698216,SAN ANTONIO,TX
WAJAIMN,Washington County Jail,USMS IGA,45.03786,-92.801712,STILLWATER,MN
WAKECNC,Wake County Sheriff Dept.,IGSA,35.777722,-78.6402216,RALEIGH,NC
WAKULFL,Wakulla County Jail,IGSA,30.19608881,-84.37692095,CRAWFORDVILLE,FL
WALSHND,Walsh County Jail,IGSA,48.41792857,-97.40538384,GRAFTON,ND
WALWOWI,Walworth County Jail,IGSA,42.663594,-88.499621,ELKHORN,WI
WARCOTX,"Ward Cty Jail, Monahans",USMS IGA,31.592471,-102.889754,MONAHANS,TX
WARDCND,Ward County Jail,USMS IGA,48.232976,-101.287401,MINOT,ND
WASATUT,Wasatch County Jail,IGSA,40.490702,-111.409124,HEBER,UT
WASCONY,Washington County Jail,USMS IGA,43.282203,-73.58658719,FORT EDWARD,NY
WASHAWY,Washakie County Jail,IGSA,44.016954,-107.955651,WORLAND,WY
WASHCUT,Washington County Jail,USMS IGA,37.158273,-113.412336,HURRICANE,UT
WASHIAR,Washington County Jail,USMS IGA,36.0335036,-94.17710882,FAYETTEVILLE,AR
WASHICO,Washington County Jail,USMS IGA,40.158087,-103.192253,AKRON,CO
WASHIME,Washington County Jail,IGSA,44.71588969,-67.45938013,MACHIAS,ME
WASHOLD,Washington Field Office,Hold,38.8807191,-77.2291803,FAIRFAX,VA
WASHONV,Washoe County Jail,USMS IGA,39.572885,-119.8106322,RENO,NV
WASHTMI,"Washtenaw Co, An Arbor,MI",Juvenile,42.255773,-83.678579,ANN ARBOR,MI
WAUKEWI,Waukesha County Jail,USMS IGA,43.02452089,-88.23054055,WAUKESHA,WI
WAYNEMI,"Wayne County, Detroit",IGSA,42.388288,-83.044576,DETROIT,MI
WAYNENY,Wayne County Jail,USMS IGA,43.06726931,-77.03098777,LYONS,NY
WBATOLA,West Baton Rouge Det Ctr,IGSA,30.500795,-91.215863,PORT ALLEN,LA
WCCBXTX,Bexar County Wackenhut Annual Det.,USMS IGA,29.42822737,-98.50754839,SAN ANTONIO,TX
WCCPBFL,Broward Transitional Center,CDF,26.27477215,-80.15197145,POMPANO BEACH,FL
WCCSDCA,Wackenhut Corrections Corp,IGSA,32.717065,-117.165104,SAN DIEGO,CA
WCRDFTX,Willacy Co  Regional Detn Facil,USMS IGA,26.47115705,-97.75848478,RAYMONDVILLE,TX
WCTHOLD,Waco DRO Hold Room,Hold,31.553515,-97.133522,WACO,TX
WEBDCTX,Webb County Detention Center (CCA),DIGSA,27.370089,-99.489808,LAREDO,TX
WEBERUT,Weber County Jail,USMS IGA,41.2400904,-111.9932984,OGDEN,UT
WESHOLD,Westminster Custody,Hold,33.75919,-117.9919216,WESTMINSTER,CA
WHITFGA,Whitfield County Jail,IGSA,34.7929769,-84.98450303,DALTON,GA
WICHOLD,Wichita Holdroom,Hold,37.69151228,-97.33959072,WICHITA,KS
WIDODGE,"Dodge Corr Institute, Wau",IGSA,43.626618,-88.740012,WAUPUN,WI
WILLCTX,Willacy County Detention Center,DIGSA,26.469951,-97.762165,RAYMONDVILLE,TX
WILLITN,Williamson County Jail,IGSA,35.89840496,-86.88485855,FRANKLIN,TN
WILLITX,Williamson County Jail,IGSA,30.63986861,-97.67981763,GEORGETOWN,TX
WINCOTX,Winkler County Jail,IGSA,31.8485191,-103.0913866,KERMIT,TX
WKBHMFL,West Kendall Baptist Hosp,Hospital,25.6784527,-80.4554698,MIAMI,FL
WMHOSCA,White Memorial Hospital,Hospital,34.051291,-118.217121,LOS ANGELES,CA
WMLNDPA,Westmoreland County Jail,IGSA,40.304747,-79.545188,GREENSBURG,PA
WOAKSTX,West Oaks Hospital,Hospital,29.711436,-95.4009096,HOUSTON,TX
WORCEMD,Worcester Co. Jail,IGSA,38.170007,-75.375834,SNOW HILL,MD
WSTMCCA,Western Medical Center,Hospital,33.7539445,-117.8330274,SANTA ANA,CA
WTREGVA,Western Tidewater Reg. Jail,USMS IGA,36.76265318,-76.58661529,SUFFOLK,VA
WTXDFTX,West Texas Detention Facility,USMS IGA,31.166718,-105.351651,SIERRA BLANCA,TX
WVEASTR,Eastern Regional Jail,USMS IGA,39.437643,-77.96108,MARTINSBURG,WV
WVNORTH,Northern Regional Jail,USMS IGA,39.92285025,-80.73635876,MOUNDSVILLE,WV
WVREGWV,WV Regional Jail & Corr.,IGSA,38.35163333,-81.63902639,CHARLESTON,WV
WVSCENT,South Central Regional Jail,USMS IGA,38.31210189,-81.71040225,CHARLESTON,WV
WYATTRI,Wyatt Detention Center,USMS IGA,41.89281058,-71.38319984,CENTRAL FALLS,RI
WYMCONY,Wyoming County Jail,IGSA,42.7430713,-78.1331127,WARSAW,NY
YAKHOLD,Yakima Sub-Office,Hold,46.61803443,-120.5579912,YAKIMA,WA
YANCOSD,Yankton Co. Jail SD,USMS IGA,42.8712602,-97.39367014,YANKTON,SD
YATESNY,Yates County Jail,IGSA,42.665296,-77.056251,PENN YAN,NY
YAVAPAZ,Yavapai County Jail,IGSA,34.54176633,-112.4661021,PRESCOTT,AZ
YAVCVAZ,Yavapai County Detention Center,IGSA,34.61063,-111.916596,CAMP VERDE,AZ
YELLOMT,Yellowstone County Jail,USMS IGA,45.7553867,-108.5025368,BILLINGS,MT
YIKIMWA,Yakima County,USMS IGA,46.60340058,-120.5081747,YAKIMA,WA
YORCOPA,"York County Jail, PA",IGSA,39.9875974,-76.66360293,YORK,PA
YORCOSC,York County Detention Center,USMS IGA,34.98489908,-81.20403402,YORK,SC
YORKCME,York County Jail,IGSA,43.454148,-70.71837,ALFRED,ME
YUBAJCA,Yuba County Jail,IGSA,39.14059756,-121.5868946,MARYSVILLE,CA
YUMHOLD,Yuma Holdroom,Hold,32.65579891,-114.6121807,YUMA,AZ
ZAVCOTX,Zavala County Jail,IGSA,28.679507,-99.82698,CRYSTAL CITY,TX